#2026 05 26 09:50:30.557#Z#INFO#54eb74fc-58e8-11f1-a04b-eeee0a8789dc.OPERATION#http-nio-0.0.0.0-8080-exec-1#
[XS2StartProcessListener] Operation ID: 54eb74fc-58e8-11f1-a04b-eeee0a8789dc#
#2026 05 26 09:50:30.577#Z#DEBUG#54eb74fc-58e8-11f1-a04b-eeee0a8789dc.OPERATION#http-nio-0.0.0.0-8080-exec-1#
[XS2StartProcessListener] Process environment: {
  "SKIP_SSL_VALIDATION" : "false",
  "FLOWABLE_JOB_EXECUTOR_MAX_THREADS" : "32",
  "VERSION" : "2.45.0",
  "BASIC_AUTH_ENABLED" : "true",
  "FLOWABLE_JOB_EXECUTOR_QUEUE_CAPACITY" : "16",
  "FLOWABLE_JOB_EXECUTOR_CORE_THREADS" : "8"
}#
#2026 05 26 09:50:30.577#Z#DEBUG#54eb74fc-58e8-11f1-a04b-eeee0a8789dc.OPERATION#http-nio-0.0.0.0-8080-exec-1#
[XS2StartProcessListener] Current user: alexzapata1984@gmail.com#
#2026 05 26 09:50:30.577#Z#DEBUG#54eb74fc-58e8-11f1-a04b-eeee0a8789dc.OPERATION#http-nio-0.0.0.0-8080-exec-1#
[XS2StartProcessListener] Client space: dev#
#2026 05 26 09:50:30.577#Z#DEBUG#54eb74fc-58e8-11f1-a04b-eeee0a8789dc.OPERATION#http-nio-0.0.0.0-8080-exec-1#
[XS2StartProcessListener] Client organization: 3c6c6e44trial#
#2026 05 26 09:50:30.577#Z#INFO#54eb74fc-58e8-11f1-a04b-eeee0a8789dc.OPERATION#http-nio-0.0.0.0-8080-exec-1#
[XS2StartProcessListener] Process variables: {
  "keepFiles" : false,
  "skipAppDigestCalculation" : false,
  "abortOnError" : false,
  "mtaId" : "ServicioRRHH",
  "noFailOnMissingPermissions" : false,
  "isSecurityEnabled" : false,
  "apiRequestPath" : "https://deploy-service.cf.us10-001.hana.ondemand.com/api/v1/spaces/b8586e3c-3d35-44f1-bd0c-5ed01295d82b/operations",
  "deleteServiceBrokers" : false,
  "appArchiveId" : "7b32276c-0ca2-44de-b34f-3c5e9add312e",
  "isDisposableUserProvidedServiceEnabled" : false,
  "deleteServiceKeys" : false,
  "noRestartSubscribedApps" : false,
  "noStart" : false,
  "deleteServices" : false
}#
#2026 05 26 09:50:30.616#Z#DEBUG#54eb74fc-58e8-11f1-a04b-eeee0a8789dc.OPERATION#flowable-async-job-executor-thread-1637#
[ValidateDeployParametersStep] Executing task "validateParametersTask" of process "54eb7522-58e8-11f1-a04b-eeee0a8789dc"...#
#2026 05 26 09:50:30.616#Z#DEBUG#54eb74fc-58e8-11f1-a04b-eeee0a8789dc.OPERATION#flowable-async-job-executor-thread-1637#
[ValidateDeployParametersStep] Validating parameters...#
#2026 05 26 09:50:30.618#Z#INFO#54eb74fc-58e8-11f1-a04b-eeee0a8789dc.OPERATION#flowable-async-job-executor-thread-1637#
[ValidateDeployParametersStep] Size of mtars is 5,705,066 and size of extension descriptors is 0#
#2026 05 26 09:50:30.654#Z#INFO#54eb74fc-58e8-11f1-a04b-eeee0a8789dc.OPERATION#flowable-async-job-executor-thread-1637#
[ValidateDeployParametersStep] Archive was not split! Total size in bytes: 5,705,066#
#2026 05 26 09:50:30.654#Z#INFO#54eb74fc-58e8-11f1-a04b-eeee0a8789dc.OPERATION#flowable-async-job-executor-thread-1637#
[ValidateDeployParametersStep] Deploying in org "3c6c6e44trial" and space "dev"#
#2026 05 26 09:50:30.659#Z#DEBUG#54eb74fc-58e8-11f1-a04b-eeee0a8789dc.OPERATION#flowable-async-job-executor-thread-1637#
[ValidateDeployParametersStep] Parameters validated#
#2026 05 26 09:50:30.659#Z#DEBUG#54eb74fc-58e8-11f1-a04b-eeee0a8789dc.OPERATION#flowable-async-job-executor-thread-1637#
Step "Validate Parameters" finished#
#2026 05 26 09:50:30.686#Z#DEBUG#54eb74fc-58e8-11f1-a04b-eeee0a8789dc.OPERATION#flowable-async-job-executor-thread-1637#
[DeleteRemainingFileParts] Executing task "deleteRemainingFileParts" of process "54eb7522-58e8-11f1-a04b-eeee0a8789dc"...#
#2026 05 26 09:50:30.687#Z#DEBUG#54eb74fc-58e8-11f1-a04b-eeee0a8789dc.OPERATION#flowable-async-job-executor-thread-1637#
Step "Delete Remaining File Parts" finished#
#2026 05 26 09:50:30.715#Z#DEBUG#54eb74fc-58e8-11f1-a04b-eeee0a8789dc.OPERATION#flowable-async-job-executor-thread-1636#
[XS2ProcessMtaArchiveStep] Executing task "processArchiveTask" of process "54eb7522-58e8-11f1-a04b-eeee0a8789dc"...#
#2026 05 26 09:50:30.716#Z#DEBUG#54eb74fc-58e8-11f1-a04b-eeee0a8789dc.OPERATION#flowable-async-job-executor-thread-1636#
[XS2ProcessMtaArchiveStep] Processing MTA archive...#
#2026 05 26 09:50:30.716#Z#DEBUG#54eb74fc-58e8-11f1-a04b-eeee0a8789dc.OPERATION#flowable-async-job-executor-thread-1636#
[XS2ProcessMtaArchiveStep] MTA Archive ID: 7b32276c-0ca2-44de-b34f-3c5e9add312e#
#2026 05 26 09:50:30.900#Z#DEBUG#54eb74fc-58e8-11f1-a04b-eeee0a8789dc.OPERATION#flowable-async-job-executor-thread-1636#
[XS2ProcessMtaArchiveStep] MTA Descriptor length: 1,353#
#2026 05 26 09:50:30.900#Z#DEBUG#54eb74fc-58e8-11f1-a04b-eeee0a8789dc.OPERATION#flowable-async-job-executor-thread-1636#
[XS2ProcessMtaArchiveStep] MTA Archive Modules: [ServicioRRHH-srv, ServicioRRHH-db-deployer]#
#2026 05 26 09:50:30.900#Z#DEBUG#54eb74fc-58e8-11f1-a04b-eeee0a8789dc.OPERATION#flowable-async-job-executor-thread-1636#
[XS2ProcessMtaArchiveStep] MTA Archive Requires: []#
#2026 05 26 09:50:30.900#Z#DEBUG#54eb74fc-58e8-11f1-a04b-eeee0a8789dc.OPERATION#flowable-async-job-executor-thread-1636#
[XS2ProcessMtaArchiveStep] MTA Archive Resources: [ServicioRRHH-auth]#
#2026 05 26 09:50:30.909#Z#DEBUG#54eb74fc-58e8-11f1-a04b-eeee0a8789dc.OPERATION#flowable-async-job-executor-thread-1636#
[XS2ProcessMtaArchiveStep] MTA archive processed#
#2026 05 26 09:50:30.909#Z#DEBUG#54eb74fc-58e8-11f1-a04b-eeee0a8789dc.OPERATION#flowable-async-job-executor-thread-1636#
Step "Process Archive" finished#
#2026 05 26 09:50:30.939#Z#DEBUG#54eb74fc-58e8-11f1-a04b-eeee0a8789dc.OPERATION#flowable-async-job-executor-thread-1634#
[ProcessMtaExtensionDescriptorsStep] Executing task "processExtensionDescriptorsTask" of process "54eb7522-58e8-11f1-a04b-eeee0a8789dc"...#
#2026 05 26 09:50:30.940#Z#DEBUG#54eb74fc-58e8-11f1-a04b-eeee0a8789dc.OPERATION#flowable-async-job-executor-thread-1634#
[ProcessMtaExtensionDescriptorsStep] Processing MTA extension descriptors...#
#2026 05 26 09:50:30.940#Z#DEBUG#54eb74fc-58e8-11f1-a04b-eeee0a8789dc.OPERATION#flowable-async-job-executor-thread-1634#
[ProcessMtaExtensionDescriptorsStep] Provided extension descriptors: [ ]#
#2026 05 26 09:50:30.940#Z#DEBUG#54eb74fc-58e8-11f1-a04b-eeee0a8789dc.OPERATION#flowable-async-job-executor-thread-1634#
[ProcessMtaExtensionDescriptorsStep] No extension descriptors in use#
#2026 05 26 09:50:30.940#Z#DEBUG#54eb74fc-58e8-11f1-a04b-eeee0a8789dc.OPERATION#flowable-async-job-executor-thread-1634#
[ProcessMtaExtensionDescriptorsStep] MTA extension descriptors processed#
#2026 05 26 09:50:30.940#Z#DEBUG#54eb74fc-58e8-11f1-a04b-eeee0a8789dc.OPERATION#flowable-async-job-executor-thread-1634#
Step "Process Extension Descriptors" finished#
#2026 05 26 09:50:30.966#Z#DEBUG#54eb74fc-58e8-11f1-a04b-eeee0a8789dc.OPERATION#flowable-async-job-executor-thread-1634#
[XS2DetectMtaSchemaVersionStep] Executing task "detectSchemaVersionTask" of process "54eb7522-58e8-11f1-a04b-eeee0a8789dc"...#
#2026 05 26 09:50:30.967#Z#DEBUG#54eb74fc-58e8-11f1-a04b-eeee0a8789dc.OPERATION#flowable-async-job-executor-thread-1634#
[XS2DetectMtaSchemaVersionStep] Detecting MTA major schema version...#
#2026 05 26 09:50:30.968#Z#INFO#54eb74fc-58e8-11f1-a04b-eeee0a8789dc.OPERATION#flowable-async-job-executor-thread-1634#
[XS2DetectMtaSchemaVersionStep] Detected MTA schema version: "3"#
#2026 05 26 09:50:30.973#Z#DEBUG#54eb74fc-58e8-11f1-a04b-eeee0a8789dc.OPERATION#flowable-async-job-executor-thread-1634#
Step "Detect Schema Version" finished#
#2026 05 26 09:50:30.997#Z#DEBUG#54eb74fc-58e8-11f1-a04b-eeee0a8789dc.OPERATION#flowable-async-job-executor-thread-1634#
[MergeDescriptorsStep] Executing task "mergeDescriptorsTask" of process "54eb7522-58e8-11f1-a04b-eeee0a8789dc"...#
#2026 05 26 09:50:30.998#Z#DEBUG#54eb74fc-58e8-11f1-a04b-eeee0a8789dc.OPERATION#flowable-async-job-executor-thread-1634#
[MergeDescriptorsStep] Validating and merging descriptors...#
#2026 05 26 09:50:31.000#Z#DEBUG#54eb74fc-58e8-11f1-a04b-eeee0a8789dc.OPERATION#flowable-async-job-executor-thread-1634#
[MergeDescriptorsStep] Merged deployment descriptor: {
  "majorSchemaVersion" : 3,
  "schemaVersion" : "3.3.0",
  "id" : "ServicioRRHH",
  "version" : "1.0.0",
  "modules" : [ {
    "majorSchemaVersion" : 3,
    "name" : "ServicioRRHH-srv",
    "type" : "javascript.nodejs",
    "path" : "ServicioRRHH-srv",
    "properties" : { },
    "parameters" : {
      "buildpack" : "nodejs_buildpack",
      "instances" : 1
    },
    "requiredDependencies" : [ {
      "majorSchemaVersion" : 3,
      "name" : "********",
      "properties" : { },
      "parameters" : { },
      "propertiesMetadata" : {
        "metadata" : { }
      },
      "parametersMetadata" : {
        "metadata" : { }
      }
    }, {
      "majorSchemaVersion" : 3,
      "name" : "ServicioRRHH-db",
      "properties" : { },
      "parameters" : { },
      "propertiesMetadata" : {
        "metadata" : { }
      },
      "parametersMetadata" : {
        "metadata" : { }
      }
    }, {
      "majorSchemaVersion" : 3,
      "name" : "ServicioRRHH-destination",
      "properties" : { },
      "parameters" : { },
      "propertiesMetadata" : {
        "metadata" : { }
      },
      "parametersMetadata" : {
        "metadata" : { }
      }
    } ],
    "providedDependencies" : [ {
      "majorSchemaVersion" : 3,
      "name" : "srv-api",
      "isPublic" : false,
      "properties" : {
        "srv-url" : "${default-url}"
      },
      "parameters" : { },
      "propertiesMetadata" : {
        "metadata" : { }
      },
      "parametersMetadata" : {
        "metadata" : { }
      }
    }, {
      "majorSchemaVersion" : 3,
      "name" : "ServicioRRHH-srv",
      "isPublic" : false,
      "properties" : { },
      "parameters" : { },
      "propertiesMetadata" : {
        "metadata" : { }
      },
      "parametersMetadata" : {
        "metadata" : { }
      }
    } ],
    "propertiesMetadata" : {
      "metadata" : { }
    },
    "parametersMetadata" : {
      "metadata" : { }
    },
    "hooks" : [ ]
  }, {
    "majorSchemaVersion" : 3,
    "name" : "ServicioRRHH-db-deployer",
    "type" : "com.sap.xs.hdi",
    "path" : "ServicioRRHH-db-deployer",
    "properties" : {
      "EXIT" : 1
    },
    "parameters" : {
      "memory" : "256M",
      "buildpack" : "nodejs_buildpack",
      "no-route" : true,
      "dependency-type" : "hard",
      "tasks" : [ {
        "name" : "deploy",
        "memory" : "256M",
        "command" : "npm start"
      } ],
      "no-start" : true
    },
    "requiredDependencies" : [ {
      "majorSchemaVersion" : 3,
      "name" : "ServicioRRHH-db",
      "properties" : { },
      "parameters" : { },
      "propertiesMetadata" : {
        "metadata" : { }
      },
      "parametersMetadata" : {
        "metadata" : { }
      }
    } ],
    "providedDependencies" : [ {
      "majorSchemaVersion" : 3,
      "name" : "ServicioRRHH-db-deployer",
      "isPublic" : false,
      "properties" : { },
      "parameters" : { },
      "propertiesMetadata" : {
        "metadata" : { }
      },
      "parametersMetadata" : {
        "metadata" : { }
      }
    } ],
    "propertiesMetadata" : {
      "metadata" : { }
    },
    "parametersMetadata" : {
      "metadata" : { }
    },
    "hooks" : [ ]
  } ],
  "resources" : [ {
    "majorSchemaVersion" : 3,
    "name" : "********",
    "type" : "org.cloudfoundry.managed-service",
    "properties" : { },
    "parameters" : {
      "path" : "./xs-security.json",
      "service-plan" : "application",
      "type" : "managed-service",
      "config" : {
        "oauth2-configuration" : "********",
        "tenant-mode" : "dedicated",
        "xsappname" : "ServicioRRHH-${org}-${space}"
      },
      "service" : "xsuaa"
    },
    "isActive" : true,
    "isOptional" : false,
    "propertiesMetadata" : {
      "metadata" : { }
    },
    "parametersMetadata" : {
      "metadata" : { }
    },
    "requiredDependencies" : [ ],
    "processedAfter" : [ ]
  }, {
    "majorSchemaVersion" : 3,
    "name" : "ServicioRRHH-db",
    "type" : "com.sap.xs.hdi-container",
    "properties" : { },
    "parameters" : {
      "type" : "managed-service",
      "service" : "hana",
      "service-plan" : "hdi-shared"
    },
    "isActive" : true,
    "isOptional" : false,
    "propertiesMetadata" : {
      "metadata" : { }
    },
    "parametersMetadata" : {
      "metadata" : { }
    },
    "requiredDependencies" : [ ],
    "processedAfter" : [ ]
  }, {
    "majorSchemaVersion" : 3,
    "name" : "ServicioRRHH-destination",
    "type" : "org.cloudfoundry.managed-service",
    "properties" : { },
    "parameters" : {
      "type" : "managed-service",
      "service" : "destination",
      "service-plan" : "lite"
    },
    "isActive" : true,
    "isOptional" : false,
    "propertiesMetadata" : {
      "metadata" : { }
    },
    "parametersMetadata" : {
      "metadata" : { }
    },
    "requiredDependencies" : [ ],
    "processedAfter" : [ ]
  } ],
  "parameters" : {
    "enable-parallel-deployments" : true
  },
  "parametersMetadata" : {
    "metadata" : { }
  }
}#
#2026 05 26 09:50:31.001#Z#DEBUG#54eb74fc-58e8-11f1-a04b-eeee0a8789dc.OPERATION#flowable-async-job-executor-thread-1634#
[MergeDescriptorsStep] Descriptors validated and merged#
#2026 05 26 09:50:31.001#Z#DEBUG#54eb74fc-58e8-11f1-a04b-eeee0a8789dc.OPERATION#flowable-async-job-executor-thread-1634#
Step "Merge Descriptors" finished#
#2026 05 26 09:50:31.029#Z#DEBUG#54eb74fc-58e8-11f1-a04b-eeee0a8789dc.OPERATION#flowable-async-job-executor-thread-1630#
[DetectDeployedMtaStep] Executing task "detectDeployedMtaTask" of process "54eb7522-58e8-11f1-a04b-eeee0a8789dc"...#
#2026 05 26 09:50:31.030#Z#DEBUG#54eb74fc-58e8-11f1-a04b-eeee0a8789dc.OPERATION#flowable-async-job-executor-thread-1630#
[DetectDeployedMtaStep] Detecting deployed MTA...#
#2026 05 26 09:50:31.090#Z#DEBUG#54eb74fc-58e8-11f1-a04b-eeee0a8789dc.OPERATION#flowable-async-job-executor-thread-1630#
[DetectDeployedMtaStep] Detecting MTA by id ServicioRRHH and namespace null#
#2026 05 26 09:50:31.090#Z#DEBUG#54eb74fc-58e8-11f1-a04b-eeee0a8789dc.OPERATION#flowable-async-job-executor-thread-1630#
[DetectDeployedMtaStep] Getting applications by metadata label selector "mta_id=f801e2a5d77b94ebb37a3782c3cf6d04,!mta_namespace"...#
#2026 05 26 09:50:31.146#Z#DEBUG#54eb74fc-58e8-11f1-a04b-eeee0a8789dc.OPERATION#flowable-async-job-executor-thread-1630#
[DetectDeployedMtaStep] Getting service instances by metadata label selector "mta_id=f801e2a5d77b94ebb37a3782c3cf6d04,!mta_namespace"...#
#2026 05 26 09:50:31.181#Z#INFO#54eb74fc-58e8-11f1-a04b-eeee0a8789dc.OPERATION#flowable-async-job-executor-thread-1630#
[DetectDeployedMtaStep] No deployed MTA detected - this is initial deployment of MTA with ID "ServicioRRHH"#
#2026 05 26 09:50:31.186#Z#DEBUG#54eb74fc-58e8-11f1-a04b-eeee0a8789dc.OPERATION#flowable-async-job-executor-thread-1630#
[DetectDeployedMtaStep] Detecting backup mta by id "ServicioRRHH" and namespace "null"#
#2026 05 26 09:50:31.186#Z#DEBUG#54eb74fc-58e8-11f1-a04b-eeee0a8789dc.OPERATION#flowable-async-job-executor-thread-1630#
[DetectDeployedMtaStep] Getting applications by metadata label selector "mta_id=f801e2a5d77b94ebb37a3782c3cf6d04,mta_namespace=b698114a0995e936895b9598a6c19a2c"...#
#2026 05 26 09:50:31.225#Z#DEBUG#54eb74fc-58e8-11f1-a04b-eeee0a8789dc.OPERATION#flowable-async-job-executor-thread-1630#
[DetectDeployedMtaStep] Getting service instances by metadata label selector "mta_id=f801e2a5d77b94ebb37a3782c3cf6d04,mta_namespace=b698114a0995e936895b9598a6c19a2c"...#
#2026 05 26 09:50:31.258#Z#DEBUG#54eb74fc-58e8-11f1-a04b-eeee0a8789dc.OPERATION#flowable-async-job-executor-thread-1630#
[DetectDeployedMtaStep] Deployed MTA service keys: [ ]#
#2026 05 26 09:50:31.258#Z#DEBUG#54eb74fc-58e8-11f1-a04b-eeee0a8789dc.OPERATION#flowable-async-job-executor-thread-1630#
Step "Detect Deployed MTA" finished#
#2026 05 26 09:50:31.286#Z#DEBUG#54eb74fc-58e8-11f1-a04b-eeee0a8789dc.OPERATION#flowable-async-job-executor-thread-1630#
[XS2CollectSystemParametersStep] Executing task "collectSystemParametersTask" of process "54eb7522-58e8-11f1-a04b-eeee0a8789dc"...#
#2026 05 26 09:50:31.287#Z#DEBUG#54eb74fc-58e8-11f1-a04b-eeee0a8789dc.OPERATION#flowable-async-job-executor-thread-1630#
[XS2CollectSystemParametersStep] Collecting system parameters...#
#2026 05 26 09:50:31.288#Z#DEBUG#54eb74fc-58e8-11f1-a04b-eeee0a8789dc.OPERATION#flowable-async-job-executor-thread-1630#
[XS2CollectSystemParametersStep] Getting default domain...#
#2026 05 26 09:50:31.318#Z#DEBUG#54eb74fc-58e8-11f1-a04b-eeee0a8789dc.OPERATION#flowable-async-job-executor-thread-1630#
[XS2CollectSystemParametersStep] Default domain: cfapps.us10-001.hana.ondemand.com#
#2026 05 26 09:50:31.318#Z#DEBUG#54eb74fc-58e8-11f1-a04b-eeee0a8789dc.OPERATION#flowable-async-job-executor-thread-1630#
[XS2CollectSystemParametersStep] Checking for overwriting read-only parameters for mta with id: "ServicioRRHH"#
#2026 05 26 09:50:31.318#Z#DEBUG#54eb74fc-58e8-11f1-a04b-eeee0a8789dc.OPERATION#flowable-async-job-executor-thread-1630#
[XS2CollectSystemParametersStep] No read-only parameters are overwritten#
#2026 05 26 09:50:31.332#Z#DEBUG#54eb74fc-58e8-11f1-a04b-eeee0a8789dc.OPERATION#flowable-async-job-executor-thread-1630#
[XS2CollectSystemParametersStep] Descriptor with system parameters: {
  "majorSchemaVersion" : 3,
  "schemaVersion" : "3.3.0",
  "id" : "ServicioRRHH",
  "version" : "1.0.0",
  "modules" : [ {
    "majorSchemaVersion" : 3,
    "name" : "ServicioRRHH-srv",
    "type" : "javascript.nodejs",
    "path" : "ServicioRRHH-srv",
    "properties" : { },
    "parameters" : {
      "default-url" : "${protocol}://${default-uri}",
      "default-app-name" : "ServicioRRHH-srv",
      "generated-password" : "********",
      "default-live-url" : "${protocol}://${default-live-uri}",
      "default-uri" : "${host}.${domain}",
      "default-instances" : 1,
      "default-live-host" : "3c6c6e44trial-dev-serviciorrhh-srv",
      "instances" : 1,
      "buildpack" : "nodejs_buildpack",
      "default-host" : "3c6c6e44trial-dev-serviciorrhh-srv",
      "app-name" : "${default-app-name}",
      "default-live-uri" : "3c6c6e44trial-dev-serviciorrhh-srv.${domain}",
      "protocol" : "https",
      "default-live-app-name" : "ServicioRRHH-srv",
      "default-live-domain" : "cfapps.us10-001.hana.ondemand.com",
      "domain" : "${default-domain}",
      "host" : "${default-host}",
      "generated-user" : "********"
    },
    "requiredDependencies" : [ {
      "majorSchemaVersion" : 3,
      "name" : "********",
      "properties" : { },
      "parameters" : { },
      "propertiesMetadata" : {
        "metadata" : { }
      },
      "parametersMetadata" : {
        "metadata" : { }
      }
    }, {
      "majorSchemaVersion" : 3,
      "name" : "ServicioRRHH-db",
      "properties" : { },
      "parameters" : { },
      "propertiesMetadata" : {
        "metadata" : { }
      },
      "parametersMetadata" : {
        "metadata" : { }
      }
    }, {
      "majorSchemaVersion" : 3,
      "name" : "ServicioRRHH-destination",
      "properties" : { },
      "parameters" : { },
      "propertiesMetadata" : {
        "metadata" : { }
      },
      "parametersMetadata" : {
        "metadata" : { }
      }
    } ],
    "providedDependencies" : [ {
      "majorSchemaVersion" : 3,
      "name" : "srv-api",
      "isPublic" : false,
      "properties" : {
        "srv-url" : "${default-url}"
      },
      "parameters" : { },
      "propertiesMetadata" : {
        "metadata" : { }
      },
      "parametersMetadata" : {
        "metadata" : { }
      }
    }, {
      "majorSchemaVersion" : 3,
      "name" : "ServicioRRHH-srv",
      "isPublic" : false,
      "properties" : { },
      "parameters" : { },
      "propertiesMetadata" : {
        "metadata" : { }
      },
      "parametersMetadata" : {
        "metadata" : { }
      }
    } ],
    "propertiesMetadata" : {
      "metadata" : { }
    },
    "parametersMetadata" : {
      "metadata" : { }
    },
    "hooks" : [ ]
  }, {
    "majorSchemaVersion" : 3,
    "name" : "ServicioRRHH-db-deployer",
    "type" : "com.sap.xs.hdi",
    "path" : "ServicioRRHH-db-deployer",
    "properties" : {
      "EXIT" : 1
    },
    "parameters" : {
      "default-url" : "${protocol}://${default-uri}",
      "default-app-name" : "ServicioRRHH-db-deployer",
      "generated-password" : "********",
      "default-live-url" : "${protocol}://${default-live-uri}",
      "default-uri" : "${host}.${domain}",
      "memory" : "256M",
      "default-instances" : 1,
      "no-route" : true,
      "default-live-host" : "3c6c6e44trial-dev-serviciorrhh-db-deployer",
      "instances" : "${default-instances}",
      "buildpack" : "nodejs_buildpack",
      "default-host" : "3c6c6e44trial-dev-serviciorrhh-db-deployer",
      "app-name" : "${default-app-name}",
      "default-live-uri" : "3c6c6e44trial-dev-serviciorrhh-db-deployer.${domain}",
      "protocol" : "https",
      "default-live-app-name" : "ServicioRRHH-db-deployer",
      "default-live-domain" : "cfapps.us10-001.hana.ondemand.com",
      "dependency-type" : "hard",
      "domain" : "${default-domain}",
      "host" : "${default-host}",
      "generated-user" : "********",
      "tasks" : [ {
        "name" : "deploy",
        "memory" : "256M",
        "command" : "npm start"
      } ],
      "no-start" : true
    },
    "requiredDependencies" : [ {
      "majorSchemaVersion" : 3,
      "name" : "ServicioRRHH-db",
      "properties" : { },
      "parameters" : { },
      "propertiesMetadata" : {
        "metadata" : { }
      },
      "parametersMetadata" : {
        "metadata" : { }
      }
    } ],
    "providedDependencies" : [ {
      "majorSchemaVersion" : 3,
      "name" : "ServicioRRHH-db-deployer",
      "isPublic" : false,
      "properties" : { },
      "parameters" : { },
      "propertiesMetadata" : {
        "metadata" : { }
      },
      "parametersMetadata" : {
        "metadata" : { }
      }
    } ],
    "propertiesMetadata" : {
      "metadata" : { }
    },
    "parametersMetadata" : {
      "metadata" : { }
    },
    "hooks" : [ ]
  } ],
  "resources" : [ {
    "majorSchemaVersion" : 3,
    "name" : "********",
    "type" : "org.cloudfoundry.managed-service",
    "properties" : { },
    "parameters" : {
      "generated-password" : "********",
      "path" : "./xs-security.json",
      "service-name" : "${default-service-name}",
      "service-plan" : "application",
      "service" : "xsuaa",
      "generated-user" : "********",
      "default-xsappname" : "********",
      "type" : "managed-service",
      "config" : {
        "oauth2-configuration" : "********",
        "tenant-mode" : "dedicated",
        "xsappname" : "ServicioRRHH-${org}-${space}"
      },
      "default-service-name" : "********",
      "default-container-name" : "********"
    },
    "isActive" : true,
    "isOptional" : false,
    "propertiesMetadata" : {
      "metadata" : { }
    },
    "parametersMetadata" : {
      "metadata" : { }
    },
    "requiredDependencies" : [ ],
    "processedAfter" : [ ]
  }, {
    "majorSchemaVersion" : 3,
    "name" : "ServicioRRHH-db",
    "type" : "com.sap.xs.hdi-container",
    "properties" : { },
    "parameters" : {
      "generated-password" : "********",
      "service-name" : "${default-service-name}",
      "service-plan" : "hdi-shared",
      "service" : "hana",
      "generated-user" : "********",
      "default-xsappname" : "ServicioRRHH-db",
      "type" : "managed-service",
      "default-service-name" : "ServicioRRHH-db",
      "default-container-name" : "3C6C6E44TRIAL_DEV_SERVICIORRHH_DB"
    },
    "isActive" : true,
    "isOptional" : false,
    "propertiesMetadata" : {
      "metadata" : { }
    },
    "parametersMetadata" : {
      "metadata" : { }
    },
    "requiredDependencies" : [ ],
    "processedAfter" : [ ]
  }, {
    "majorSchemaVersion" : 3,
    "name" : "ServicioRRHH-destination",
    "type" : "org.cloudfoundry.managed-service",
    "properties" : { },
    "parameters" : {
      "generated-password" : "********",
      "service-name" : "${default-service-name}",
      "service-plan" : "lite",
      "service" : "destination",
      "generated-user" : "********",
      "default-xsappname" : "ServicioRRHH-destination",
      "type" : "managed-service",
      "default-service-name" : "ServicioRRHH-destination",
      "default-container-name" : "3C6C6E44TRIAL_DEV_SERVICIORRHH_DESTINATION"
    },
    "isActive" : true,
    "isOptional" : false,
    "propertiesMetadata" : {
      "metadata" : { }
    },
    "parametersMetadata" : {
      "metadata" : { }
    },
    "requiredDependencies" : [ ],
    "processedAfter" : [ ]
  } ],
  "parameters" : {
    "mta-id" : "ServicioRRHH",
    "authorization-url" : "********",
    "org-guid" : "9970ab68-97ac-4675-997f-51feb339e9bf",
    "org" : "3c6c6e44trial",
    "deploy-target" : "3c6c6e44trial dev",
    "enable-parallel-deployments" : true,
    "space" : "dev",
    "xs-api-url" : "https://api.cf.us10-001.hana.ondemand.com",
    "deploy-url" : "deploy-service.cfapps.us10-001.hana.ondemand.com",
    "xs-type" : "CF",
    "default-domain" : "cfapps.us10-001.hana.ondemand.com",
    "mta-version" : "1.0.0",
    "xs-auth-url" : "********",
    "space-guid" : "b8586e3c-3d35-44f1-bd0c-5ed01295d82b",
    "user" : "********",
    "controller-url" : "https://api.cf.us10-001.hana.ondemand.com",
    "timestamp" : "20260526095030"
  },
  "parametersMetadata" : {
    "metadata" : { }
  }
}#
#2026 05 26 09:50:31.332#Z#DEBUG#54eb74fc-58e8-11f1-a04b-eeee0a8789dc.OPERATION#flowable-async-job-executor-thread-1630#
[XS2CollectSystemParametersStep] Version rule: SAME_HIGHER#
#2026 05 26 09:50:31.332#Z#INFO#54eb74fc-58e8-11f1-a04b-eeee0a8789dc.OPERATION#flowable-async-job-executor-thread-1630#
[XS2CollectSystemParametersStep] Detected new MTA version: "1.0.0"#
#2026 05 26 09:50:31.337#Z#DEBUG#54eb74fc-58e8-11f1-a04b-eeee0a8789dc.OPERATION#flowable-async-job-executor-thread-1630#
[XS2CollectSystemParametersStep] MTA accepted for deployment#
#2026 05 26 09:50:31.337#Z#DEBUG#54eb74fc-58e8-11f1-a04b-eeee0a8789dc.OPERATION#flowable-async-job-executor-thread-1630#
[XS2CollectSystemParametersStep] System parameters collected#
#2026 05 26 09:50:31.337#Z#DEBUG#54eb74fc-58e8-11f1-a04b-eeee0a8789dc.OPERATION#flowable-async-job-executor-thread-1630#
Step "Collect System Parameters" finished#
#2026 05 26 09:50:31.366#Z#DEBUG#54eb74fc-58e8-11f1-a04b-eeee0a8789dc.OPERATION#flowable-async-job-executor-thread-1635#
[ProcessDescriptorStep] Executing task "processDescriptorTask" of process "54eb7522-58e8-11f1-a04b-eeee0a8789dc"...#
#2026 05 26 09:50:31.366#Z#DEBUG#54eb74fc-58e8-11f1-a04b-eeee0a8789dc.OPERATION#flowable-async-job-executor-thread-1635#
[ProcessDescriptorStep] Resolving properties and parameters in merged descriptor...#
#2026 05 26 09:50:31.371#Z#DEBUG#54eb74fc-58e8-11f1-a04b-eeee0a8789dc.OPERATION#flowable-async-job-executor-thread-1635#
[ProcessDescriptorStep] Subscriptions: [ ]#
#2026 05 26 09:50:31.371#Z#DEBUG#54eb74fc-58e8-11f1-a04b-eeee0a8789dc.OPERATION#flowable-async-job-executor-thread-1635#
[ProcessDescriptorStep] MTA modules: [ServicioRRHH-srv, ServicioRRHH-db-deployer]#
#2026 05 26 09:50:31.371#Z#DEBUG#54eb74fc-58e8-11f1-a04b-eeee0a8789dc.OPERATION#flowable-async-job-executor-thread-1635#
[ProcessDescriptorStep] Resolved deployment descriptor: {
  "majorSchemaVersion" : 3,
  "schemaVersion" : "3.3.0",
  "id" : "ServicioRRHH",
  "version" : "1.0.0",
  "modules" : [ {
    "majorSchemaVersion" : 3,
    "name" : "ServicioRRHH-srv",
    "type" : "javascript.nodejs",
    "path" : "ServicioRRHH-srv",
    "properties" : { },
    "parameters" : {
      "default-url" : "https://3c6c6e44trial-dev-serviciorrhh-srv.cfapps.us10-001.hana.ondemand.com",
      "default-app-name" : "ServicioRRHH-srv",
      "generated-password" : "********",
      "default-live-url" : "https://3c6c6e44trial-dev-serviciorrhh-srv.cfapps.us10-001.hana.ondemand.com",
      "default-uri" : "3c6c6e44trial-dev-serviciorrhh-srv.cfapps.us10-001.hana.ondemand.com",
      "default-instances" : 1,
      "default-live-host" : "3c6c6e44trial-dev-serviciorrhh-srv",
      "instances" : 1,
      "buildpack" : "nodejs_buildpack",
      "default-host" : "3c6c6e44trial-dev-serviciorrhh-srv",
      "app-name" : "ServicioRRHH-srv",
      "default-live-uri" : "3c6c6e44trial-dev-serviciorrhh-srv.cfapps.us10-001.hana.ondemand.com",
      "protocol" : "https",
      "default-live-app-name" : "ServicioRRHH-srv",
      "default-live-domain" : "cfapps.us10-001.hana.ondemand.com",
      "domain" : "cfapps.us10-001.hana.ondemand.com",
      "host" : "3c6c6e44trial-dev-serviciorrhh-srv",
      "generated-user" : "********"
    },
    "requiredDependencies" : [ {
      "majorSchemaVersion" : 3,
      "name" : "********",
      "properties" : { },
      "parameters" : { },
      "propertiesMetadata" : {
        "metadata" : { }
      },
      "parametersMetadata" : {
        "metadata" : { }
      }
    }, {
      "majorSchemaVersion" : 3,
      "name" : "ServicioRRHH-db",
      "properties" : { },
      "parameters" : { },
      "propertiesMetadata" : {
        "metadata" : { }
      },
      "parametersMetadata" : {
        "metadata" : { }
      }
    }, {
      "majorSchemaVersion" : 3,
      "name" : "ServicioRRHH-destination",
      "properties" : { },
      "parameters" : { },
      "propertiesMetadata" : {
        "metadata" : { }
      },
      "parametersMetadata" : {
        "metadata" : { }
      }
    } ],
    "providedDependencies" : [ {
      "majorSchemaVersion" : 3,
      "name" : "srv-api",
      "isPublic" : false,
      "properties" : {
        "srv-url" : "https://3c6c6e44trial-dev-serviciorrhh-srv.cfapps.us10-001.hana.ondemand.com"
      },
      "parameters" : { },
      "propertiesMetadata" : {
        "metadata" : { }
      },
      "parametersMetadata" : {
        "metadata" : { }
      }
    }, {
      "majorSchemaVersion" : 3,
      "name" : "ServicioRRHH-srv",
      "isPublic" : false,
      "properties" : { },
      "parameters" : { },
      "propertiesMetadata" : {
        "metadata" : { }
      },
      "parametersMetadata" : {
        "metadata" : { }
      }
    } ],
    "propertiesMetadata" : {
      "metadata" : { }
    },
    "parametersMetadata" : {
      "metadata" : { }
    },
    "hooks" : [ ]
  }, {
    "majorSchemaVersion" : 3,
    "name" : "ServicioRRHH-db-deployer",
    "type" : "com.sap.xs.hdi",
    "path" : "ServicioRRHH-db-deployer",
    "properties" : {
      "EXIT" : 1
    },
    "parameters" : {
      "default-url" : "https://3c6c6e44trial-dev-serviciorrhh-db-deployer.cfapps.us10-001.hana.ondemand.com",
      "default-app-name" : "ServicioRRHH-db-deployer",
      "generated-password" : "********",
      "default-live-url" : "https://3c6c6e44trial-dev-serviciorrhh-db-deployer.cfapps.us10-001.hana.ondemand.com",
      "default-uri" : "3c6c6e44trial-dev-serviciorrhh-db-deployer.cfapps.us10-001.hana.ondemand.com",
      "memory" : "256M",
      "default-instances" : 1,
      "no-route" : true,
      "default-live-host" : "3c6c6e44trial-dev-serviciorrhh-db-deployer",
      "instances" : 1,
      "buildpack" : "nodejs_buildpack",
      "default-host" : "3c6c6e44trial-dev-serviciorrhh-db-deployer",
      "app-name" : "ServicioRRHH-db-deployer",
      "default-live-uri" : "3c6c6e44trial-dev-serviciorrhh-db-deployer.cfapps.us10-001.hana.ondemand.com",
      "protocol" : "https",
      "default-live-app-name" : "ServicioRRHH-db-deployer",
      "default-live-domain" : "cfapps.us10-001.hana.ondemand.com",
      "dependency-type" : "hard",
      "domain" : "cfapps.us10-001.hana.ondemand.com",
      "host" : "3c6c6e44trial-dev-serviciorrhh-db-deployer",
      "generated-user" : "********",
      "tasks" : [ {
        "command" : "npm start",
        "memory" : "256M",
        "name" : "deploy"
      } ],
      "no-start" : true
    },
    "requiredDependencies" : [ {
      "majorSchemaVersion" : 3,
      "name" : "ServicioRRHH-db",
      "properties" : { },
      "parameters" : { },
      "propertiesMetadata" : {
        "metadata" : { }
      },
      "parametersMetadata" : {
        "metadata" : { }
      }
    } ],
    "providedDependencies" : [ {
      "majorSchemaVersion" : 3,
      "name" : "ServicioRRHH-db-deployer",
      "isPublic" : false,
      "properties" : { },
      "parameters" : { },
      "propertiesMetadata" : {
        "metadata" : { }
      },
      "parametersMetadata" : {
        "metadata" : { }
      }
    } ],
    "propertiesMetadata" : {
      "metadata" : { }
    },
    "parametersMetadata" : {
      "metadata" : { }
    },
    "hooks" : [ ]
  } ],
  "resources" : [ {
    "majorSchemaVersion" : 3,
    "name" : "********",
    "type" : "org.cloudfoundry.managed-service",
    "properties" : { },
    "parameters" : {
      "generated-password" : "********",
      "path" : "./xs-security.json",
      "service-name" : "********",
      "service-plan" : "application",
      "service" : "xsuaa",
      "generated-user" : "********",
      "default-xsappname" : "********",
      "type" : "managed-service",
      "config" : {
        "oauth2-configuration" : "********",
        "tenant-mode" : "dedicated",
        "xsappname" : "ServicioRRHH-3c6c6e44trial-dev"
      },
      "default-service-name" : "********",
      "default-container-name" : "********"
    },
    "isActive" : true,
    "isOptional" : false,
    "propertiesMetadata" : {
      "metadata" : { }
    },
    "parametersMetadata" : {
      "metadata" : { }
    },
    "requiredDependencies" : [ ],
    "processedAfter" : [ ]
  }, {
    "majorSchemaVersion" : 3,
    "name" : "ServicioRRHH-db",
    "type" : "com.sap.xs.hdi-container",
    "properties" : { },
    "parameters" : {
      "generated-password" : "********",
      "service-name" : "ServicioRRHH-db",
      "service-plan" : "hdi-shared",
      "service" : "hana",
      "generated-user" : "********",
      "default-xsappname" : "ServicioRRHH-db",
      "type" : "managed-service",
      "default-service-name" : "ServicioRRHH-db",
      "default-container-name" : "3C6C6E44TRIAL_DEV_SERVICIORRHH_DB"
    },
    "isActive" : true,
    "isOptional" : false,
    "propertiesMetadata" : {
      "metadata" : { }
    },
    "parametersMetadata" : {
      "metadata" : { }
    },
    "requiredDependencies" : [ ],
    "processedAfter" : [ ]
  }, {
    "majorSchemaVersion" : 3,
    "name" : "ServicioRRHH-destination",
    "type" : "org.cloudfoundry.managed-service",
    "properties" : { },
    "parameters" : {
      "generated-password" : "********",
      "service-name" : "ServicioRRHH-destination",
      "service-plan" : "lite",
      "service" : "destination",
      "generated-user" : "********",
      "default-xsappname" : "ServicioRRHH-destination",
      "type" : "managed-service",
      "default-service-name" : "ServicioRRHH-destination",
      "default-container-name" : "3C6C6E44TRIAL_DEV_SERVICIORRHH_DESTINATION"
    },
    "isActive" : true,
    "isOptional" : false,
    "propertiesMetadata" : {
      "metadata" : { }
    },
    "parametersMetadata" : {
      "metadata" : { }
    },
    "requiredDependencies" : [ ],
    "processedAfter" : [ ]
  } ],
  "parameters" : {
    "mta-id" : "ServicioRRHH",
    "authorization-url" : "********",
    "org-guid" : "9970ab68-97ac-4675-997f-51feb339e9bf",
    "org" : "3c6c6e44trial",
    "deploy-target" : "3c6c6e44trial dev",
    "enable-parallel-deployments" : true,
    "region-primary-domain" : "us10.hana.ondemand.com",
    "space" : "dev",
    "region-domain" : "us10-001.hana.ondemand.com",
    "xs-api-url" : "https://api.cf.us10-001.hana.ondemand.com",
    "deploy-url" : "deploy-service.cfapps.us10-001.hana.ondemand.com",
    "xs-type" : "CF",
    "default-domain" : "cfapps.us10-001.hana.ondemand.com",
    "mta-version" : "1.0.0",
    "xs-auth-url" : "********",
    "space-guid" : "b8586e3c-3d35-44f1-bd0c-5ed01295d82b",
    "user" : "********",
    "controller-url" : "https://api.cf.us10-001.hana.ondemand.com",
    "timestamp" : "20260526095030"
  },
  "parametersMetadata" : {
    "metadata" : { }
  }
}#
#2026 05 26 09:50:31.371#Z#DEBUG#54eb74fc-58e8-11f1-a04b-eeee0a8789dc.OPERATION#flowable-async-job-executor-thread-1635#
[ProcessDescriptorStep] Merged descriptor properties and parameters resolved#
#2026 05 26 09:50:31.371#Z#DEBUG#54eb74fc-58e8-11f1-a04b-eeee0a8789dc.OPERATION#flowable-async-job-executor-thread-1635#
Step "Process Descriptor Step" finished#
#2026 05 26 09:50:31.401#Z#DEBUG#54eb74fc-58e8-11f1-a04b-eeee0a8789dc.OPERATION#flowable-async-job-executor-thread-1635#
[XS2BuildCloudDeployModelStep] Executing task "buildDeployModelTask" of process "54eb7522-58e8-11f1-a04b-eeee0a8789dc"...#
#2026 05 26 09:50:31.404#Z#DEBUG#54eb74fc-58e8-11f1-a04b-eeee0a8789dc.OPERATION#flowable-async-job-executor-thread-1635#
[XS2BuildCloudDeployModelStep] Service keys defined for content deployment grouped by service name: { }#
#2026 05 26 09:50:31.404#Z#DEBUG#54eb74fc-58e8-11f1-a04b-eeee0a8789dc.OPERATION#flowable-async-job-executor-thread-1635#
[XS2BuildCloudDeployModelStep] Building cloud deployment model...#
#2026 05 26 09:50:31.404#Z#DEBUG#54eb74fc-58e8-11f1-a04b-eeee0a8789dc.OPERATION#flowable-async-job-executor-thread-1635#
[XS2BuildCloudDeployModelStep] MTA archive modules: [ServicioRRHH-srv, ServicioRRHH-db-deployer]#
#2026 05 26 09:50:31.404#Z#DEBUG#54eb74fc-58e8-11f1-a04b-eeee0a8789dc.OPERATION#flowable-async-job-executor-thread-1635#
[XS2BuildCloudDeployModelStep] Deployed modules: []#
#2026 05 26 09:50:31.405#Z#DEBUG#54eb74fc-58e8-11f1-a04b-eeee0a8789dc.OPERATION#flowable-async-job-executor-thread-1635#
[XS2BuildCloudDeployModelStep] MTA modules: [ServicioRRHH-srv, ServicioRRHH-db-deployer]#
#2026 05 26 09:50:31.405#Z#DEBUG#54eb74fc-58e8-11f1-a04b-eeee0a8789dc.OPERATION#flowable-async-job-executor-thread-1635#
[XS2BuildCloudDeployModelStep] Service keys to create: {
  "ServicioRRHH-auth" : "********",
  "ServicioRRHH-destination" : [ ],
  "ServicioRRHH-db" : [ ]
}#
#2026 05 26 09:50:31.406#Z#DEBUG#54eb74fc-58e8-11f1-a04b-eeee0a8789dc.OPERATION#flowable-async-job-executor-thread-1635#
[XS2BuildCloudDeployModelStep] Modules to deploy: [{
  "majorSchemaVersion" : 3,
  "name" : "ServicioRRHH-srv",
  "type" : "javascript.nodejs",
  "path" : "ServicioRRHH-srv",
  "properties" : { },
  "parameters" : {
    "default-url" : "https://3c6c6e44trial-dev-serviciorrhh-srv.cfapps.us10-001.hana.ondemand.com",
    "default-app-name" : "ServicioRRHH-srv",
    "generated-password" : "********",
    "default-live-url" : "https://3c6c6e44trial-dev-serviciorrhh-srv.cfapps.us10-001.hana.ondemand.com",
    "default-uri" : "3c6c6e44trial-dev-serviciorrhh-srv.cfapps.us10-001.hana.ondemand.com",
    "default-instances" : 1,
    "default-live-host" : "3c6c6e44trial-dev-serviciorrhh-srv",
    "instances" : 1,
    "buildpack" : "nodejs_buildpack",
    "default-host" : "3c6c6e44trial-dev-serviciorrhh-srv",
    "app-name" : "ServicioRRHH-srv",
    "default-live-uri" : "3c6c6e44trial-dev-serviciorrhh-srv.cfapps.us10-001.hana.ondemand.com",
    "protocol" : "https",
    "default-live-app-name" : "ServicioRRHH-srv",
    "default-live-domain" : "cfapps.us10-001.hana.ondemand.com",
    "dependency-type" : "soft",
    "domain" : "cfapps.us10-001.hana.ondemand.com",
    "host" : "3c6c6e44trial-dev-serviciorrhh-srv",
    "generated-user" : "********"
  },
  "requiredDependencies" : [ {
    "majorSchemaVersion" : 3,
    "name" : "********",
    "properties" : { },
    "parameters" : { },
    "propertiesMetadata" : {
      "metadata" : { }
    },
    "parametersMetadata" : {
      "metadata" : { }
    }
  }, {
    "majorSchemaVersion" : 3,
    "name" : "ServicioRRHH-db",
    "properties" : { },
    "parameters" : { },
    "propertiesMetadata" : {
      "metadata" : { }
    },
    "parametersMetadata" : {
      "metadata" : { }
    }
  }, {
    "majorSchemaVersion" : 3,
    "name" : "ServicioRRHH-destination",
    "properties" : { },
    "parameters" : { },
    "propertiesMetadata" : {
      "metadata" : { }
    },
    "parametersMetadata" : {
      "metadata" : { }
    }
  } ],
  "providedDependencies" : [ {
    "majorSchemaVersion" : 3,
    "name" : "srv-api",
    "isPublic" : false,
    "properties" : {
      "srv-url" : "https://3c6c6e44trial-dev-serviciorrhh-srv.cfapps.us10-001.hana.ondemand.com"
    },
    "parameters" : { },
    "propertiesMetadata" : {
      "metadata" : { }
    },
    "parametersMetadata" : {
      "metadata" : { }
    }
  }, {
    "majorSchemaVersion" : 3,
    "name" : "ServicioRRHH-srv",
    "isPublic" : false,
    "properties" : { },
    "parameters" : { },
    "propertiesMetadata" : {
      "metadata" : { }
    },
    "parametersMetadata" : {
      "metadata" : { }
    }
  } ],
  "propertiesMetadata" : {
    "metadata" : { }
  },
  "parametersMetadata" : {
    "metadata" : { }
  },
  "deployedAfter" : [ ],
  "hooks" : [ ]
}, {
  "majorSchemaVersion" : 3,
  "name" : "ServicioRRHH-db-deployer",
  "type" : "com.sap.xs.hdi",
  "path" : "ServicioRRHH-db-deployer",
  "properties" : {
    "EXIT" : 1
  },
  "parameters" : {
    "default-url" : "https://3c6c6e44trial-dev-serviciorrhh-db-deployer.cfapps.us10-001.hana.ondemand.com",
    "default-app-name" : "ServicioRRHH-db-deployer",
    "generated-password" : "********",
    "default-live-url" : "https://3c6c6e44trial-dev-serviciorrhh-db-deployer.cfapps.us10-001.hana.ondemand.com",
    "default-uri" : "3c6c6e44trial-dev-serviciorrhh-db-deployer.cfapps.us10-001.hana.ondemand.com",
    "memory" : "256M",
    "default-instances" : 1,
    "no-route" : true,
    "default-live-host" : "3c6c6e44trial-dev-serviciorrhh-db-deployer",
    "instances" : 1,
    "buildpack" : "nodejs_buildpack",
    "default-host" : "3c6c6e44trial-dev-serviciorrhh-db-deployer",
    "app-name" : "ServicioRRHH-db-deployer",
    "default-live-uri" : "3c6c6e44trial-dev-serviciorrhh-db-deployer.cfapps.us10-001.hana.ondemand.com",
    "protocol" : "https",
    "default-live-app-name" : "ServicioRRHH-db-deployer",
    "default-live-domain" : "cfapps.us10-001.hana.ondemand.com",
    "dependency-type" : "hard",
    "domain" : "cfapps.us10-001.hana.ondemand.com",
    "host" : "3c6c6e44trial-dev-serviciorrhh-db-deployer",
    "generated-user" : "********",
    "tasks" : [ {
      "command" : "npm start",
      "memory" : "256M",
      "name" : "deploy"
    } ],
    "no-start" : true
  },
  "requiredDependencies" : [ {
    "majorSchemaVersion" : 3,
    "name" : "ServicioRRHH-db",
    "properties" : { },
    "parameters" : { },
    "propertiesMetadata" : {
      "metadata" : { }
    },
    "parametersMetadata" : {
      "metadata" : { }
    }
  } ],
  "providedDependencies" : [ {
    "majorSchemaVersion" : 3,
    "name" : "ServicioRRHH-db-deployer",
    "isPublic" : false,
    "properties" : { },
    "parameters" : { },
    "propertiesMetadata" : {
      "metadata" : { }
    },
    "parametersMetadata" : {
      "metadata" : { }
    }
  } ],
  "propertiesMetadata" : {
    "metadata" : { }
  },
  "parametersMetadata" : {
    "metadata" : { }
  },
  "deployedAfter" : [ ],
  "hooks" : [ ]
}]#
#2026 05 26 09:50:31.406#Z#DEBUG#54eb74fc-58e8-11f1-a04b-eeee0a8789dc.OPERATION#flowable-async-job-executor-thread-1635#
[XS2BuildCloudDeployModelStep] Custom domains: []#
#2026 05 26 09:50:31.408#Z#DEBUG#54eb74fc-58e8-11f1-a04b-eeee0a8789dc.OPERATION#flowable-async-job-executor-thread-1635#
[XS2BuildCloudDeployModelStep] Calculating resource batches...#
#2026 05 26 09:50:31.408#Z#DEBUG#54eb74fc-58e8-11f1-a04b-eeee0a8789dc.OPERATION#flowable-async-job-executor-thread-1635#
[XS2BuildCloudDeployModelStep] Calculating resource batches completed.#
#2026 05 26 09:50:31.408#Z#DEBUG#54eb74fc-58e8-11f1-a04b-eeee0a8789dc.OPERATION#flowable-async-job-executor-thread-1635#
[XS2BuildCloudDeployModelStep] Cloud deployment model built#
#2026 05 26 09:50:31.408#Z#DEBUG#54eb74fc-58e8-11f1-a04b-eeee0a8789dc.OPERATION#flowable-async-job-executor-thread-1635#
Step "Build Deploy Model" finished#
#2026 05 26 09:50:31.442#Z#DEBUG#54eb74fc-58e8-11f1-a04b-eeee0a8789dc.OPERATION#flowable-async-job-executor-thread-1636#
[BuildCloudUndeployModelStep] Executing task "buildUndeployModelTask" of process "54eb7522-58e8-11f1-a04b-eeee0a8789dc"...#
#2026 05 26 09:50:31.443#Z#DEBUG#54eb74fc-58e8-11f1-a04b-eeee0a8789dc.OPERATION#flowable-async-job-executor-thread-1636#
[BuildCloudUndeployModelStep] Building cloud undeployment model...#
#2026 05 26 09:50:31.444#Z#DEBUG#54eb74fc-58e8-11f1-a04b-eeee0a8789dc.OPERATION#flowable-async-job-executor-thread-1636#
[BuildCloudUndeployModelStep] Detecting service keys to delete.#
#2026 05 26 09:50:31.445#Z#DEBUG#54eb74fc-58e8-11f1-a04b-eeee0a8789dc.OPERATION#flowable-async-job-executor-thread-1636#
[BuildCloudUndeployModelStep] No deployed service keys detected!#
#2026 05 26 09:50:31.445#Z#DEBUG#54eb74fc-58e8-11f1-a04b-eeee0a8789dc.OPERATION#flowable-async-job-executor-thread-1636#
[BuildCloudUndeployModelStep] Detected service keys to delete "[]"#
#2026 05 26 09:50:31.447#Z#DEBUG#54eb74fc-58e8-11f1-a04b-eeee0a8789dc.OPERATION#flowable-async-job-executor-thread-1636#
Step "Build Undeploy Model" finished#
#2026 05 26 09:50:31.477#Z#DEBUG#54eb74fc-58e8-11f1-a04b-eeee0a8789dc.OPERATION#flowable-async-job-executor-thread-1636#
[AddDomainsStep] Executing task "addDomainsTask" of process "54eb7522-58e8-11f1-a04b-eeee0a8789dc"...#
#2026 05 26 09:50:31.478#Z#DEBUG#54eb74fc-58e8-11f1-a04b-eeee0a8789dc.OPERATION#flowable-async-job-executor-thread-1636#
[AddDomainsStep] Custom domains: []#
#2026 05 26 09:50:31.478#Z#DEBUG#54eb74fc-58e8-11f1-a04b-eeee0a8789dc.OPERATION#flowable-async-job-executor-thread-1636#
Step "Add Domains" finished#
#2026 05 26 09:50:31.590#Z#DEBUG#54eb74fc-58e8-11f1-a04b-eeee0a8789dc.OPERATION#flowable-async-job-executor-thread-1634#
[ExtractBatchedServicesWithResolvedDynamicParametersStep] Executing task "prepareModulesDeploymentTask" of process "557fc6e6-58e8-11f1-a04b-eeee0a8789dc"...#
#2026 05 26 09:50:31.591#Z#DEBUG#54eb74fc-58e8-11f1-a04b-eeee0a8789dc.OPERATION#flowable-async-job-executor-thread-1634#
[ExtractBatchedServicesWithResolvedDynamicParametersStep] Extracting services and resolving dynamic parameters from batch#
#2026 05 26 09:50:31.592#Z#DEBUG#54eb74fc-58e8-11f1-a04b-eeee0a8789dc.OPERATION#flowable-async-job-executor-thread-1634#
[ExtractBatchedServicesWithResolvedDynamicParametersStep] Services to create: [ {
  "isOptional" : false,
  "isManaged" : true,
  "name" : "********",
  "v3Metadata" : {
    "annotations" : {
      "mta_id" : "ServicioRRHH",
      "mta_version" : "1.0.0",
      "mta_resource" : "********"
    },
    "labels" : {
      "mta_id" : "f801e2a5d77b94ebb37a3782c3cf6d04"
    }
  },
  "label" : "xsuaa",
  "plan" : "application",
  "credentials" : "********",
  "tags" : [ ],
  "type" : "managed",
  "resourceName" : "********",
  "shouldSkipParametersUpdate" : false,
  "shouldSkipPlanUpdate" : false,
  "shouldSkipTagsUpdate" : false,
  "shouldSkipSyslogUrlUpdate" : false
}, {
  "isOptional" : false,
  "isManaged" : true,
  "name" : "ServicioRRHH-db",
  "v3Metadata" : {
    "annotations" : {
      "mta_id" : "ServicioRRHH",
      "mta_version" : "1.0.0",
      "mta_resource" : "{\"name\":\"ServicioRRHH-db\"}"
    },
    "labels" : {
      "mta_id" : "f801e2a5d77b94ebb37a3782c3cf6d04"
    }
  },
  "label" : "hana",
  "plan" : "hdi-shared",
  "credentials" : "********",
  "tags" : [ ],
  "type" : "managed",
  "resourceName" : "ServicioRRHH-db",
  "shouldSkipParametersUpdate" : false,
  "shouldSkipPlanUpdate" : false,
  "shouldSkipTagsUpdate" : false,
  "shouldSkipSyslogUrlUpdate" : false
}, {
  "isOptional" : false,
  "isManaged" : true,
  "name" : "ServicioRRHH-destination",
  "v3Metadata" : {
    "annotations" : {
      "mta_id" : "ServicioRRHH",
      "mta_version" : "1.0.0",
      "mta_resource" : "{\"name\":\"ServicioRRHH-destination\"}"
    },
    "labels" : {
      "mta_id" : "f801e2a5d77b94ebb37a3782c3cf6d04"
    }
  },
  "label" : "destination",
  "plan" : "lite",
  "credentials" : "********",
  "tags" : [ ],
  "type" : "managed",
  "resourceName" : "ServicioRRHH-destination",
  "shouldSkipParametersUpdate" : false,
  "shouldSkipPlanUpdate" : false,
  "shouldSkipTagsUpdate" : false,
  "shouldSkipSyslogUrlUpdate" : false
} ]#
#2026 05 26 09:50:31.592#Z#DEBUG#54eb74fc-58e8-11f1-a04b-eeee0a8789dc.OPERATION#flowable-async-job-executor-thread-1634#
Step "Extract Services with Resolved Dynamic parameters from batch" finished#
#2026 05 26 09:50:31.678#Z#DEBUG#54eb74fc-58e8-11f1-a04b-eeee0a8789dc.OPERATION#flowable-async-job-executor-thread-1630#
[CheckServiceOperationStateStep] Executing task "CheckServiceOperationStateTask" of process "559067f9-58e8-11f1-a04b-eeee0a8789dc"...#
#2026 05 26 09:50:31.679#Z#DEBUG#54eb74fc-58e8-11f1-a04b-eeee0a8789dc.OPERATION#flowable-async-job-executor-thread-1630#
[CheckServiceOperationStateStep] Getting service instance "ServicioRRHH-destination"...#
#2026 05 26 09:50:31.705#Z#DEBUG#54eb74fc-58e8-11f1-a04b-eeee0a8789dc.OPERATION#flowable-async-job-executor-thread-1630#
Step "Check for service operations in Progress" finished#
#2026 05 26 09:50:31.727#Z#DEBUG#54eb74fc-58e8-11f1-a04b-eeee0a8789dc.OPERATION#flowable-async-job-executor-thread-1630#
[DetermineServiceCreateUpdateServiceActionsStep] Executing task "DetermineServiceCreateUpdateActionsTask" of process "559067f9-58e8-11f1-a04b-eeee0a8789dc"...#
#2026 05 26 09:50:31.729#Z#INFO#54eb74fc-58e8-11f1-a04b-eeee0a8789dc.OPERATION#flowable-async-job-executor-thread-1630#
[DetermineServiceCreateUpdateServiceActionsStep] Processing service "ServicioRRHH-destination"...#
#2026 05 26 09:50:31.733#Z#DEBUG#54eb74fc-58e8-11f1-a04b-eeee0a8789dc.OPERATION#flowable-async-job-executor-thread-1630#
[DetermineServiceCreateUpdateServiceActionsStep] Getting service instance "ServicioRRHH-destination"...#
#2026 05 26 09:50:31.757#Z#DEBUG#54eb74fc-58e8-11f1-a04b-eeee0a8789dc.OPERATION#flowable-async-job-executor-thread-1630#
[DetermineServiceCreateUpdateServiceActionsStep] Service should be created#
#2026 05 26 09:50:31.759#Z#DEBUG#54eb74fc-58e8-11f1-a04b-eeee0a8789dc.OPERATION#flowable-async-job-executor-thread-1630#
Step "Determine update actions" finished#
#2026 05 26 09:50:31.798#Z#DEBUG#54eb74fc-58e8-11f1-a04b-eeee0a8789dc.OPERATION#flowable-async-job-executor-thread-1630#
[CreateServiceStep] Executing task "CreateServiceTask" of process "559067f9-58e8-11f1-a04b-eeee0a8789dc"...#
#2026 05 26 09:50:31.801#Z#INFO#54eb74fc-58e8-11f1-a04b-eeee0a8789dc.OPERATION#flowable-async-job-executor-thread-1630#
[CreateServiceStep] Creating service "ServicioRRHH-destination" from MTA resource "ServicioRRHH-destination"...#
#2026 05 26 09:50:31.805#Z#DEBUG#54eb74fc-58e8-11f1-a04b-eeee0a8789dc.OPERATION#flowable-async-job-executor-thread-1630#
[CreateServiceStep] Creating service instance: {
  "isOptional" : false,
  "isManaged" : true,
  "name" : "ServicioRRHH-destination",
  "v3Metadata" : {
    "annotations" : {
      "mta_id" : "ServicioRRHH",
      "mta_version" : "1.0.0",
      "mta_resource" : "{\"name\":\"ServicioRRHH-destination\"}"
    },
    "labels" : {
      "mta_id" : "f801e2a5d77b94ebb37a3782c3cf6d04"
    }
  },
  "label" : "destination",
  "plan" : "lite",
  "credentials" : "********",
  "tags" : [ ],
  "type" : "managed",
  "resourceName" : "ServicioRRHH-destination",
  "shouldSkipParametersUpdate" : false,
  "shouldSkipPlanUpdate" : false,
  "shouldSkipTagsUpdate" : false,
  "shouldSkipSyslogUrlUpdate" : false
}#
#2026 05 26 09:50:31.964#Z#DEBUG#54eb74fc-58e8-11f1-a04b-eeee0a8789dc.OPERATION#flowable-async-job-executor-thread-1630#
[CreateServiceStep] Service "ServicioRRHH-destination" created#
#2026 05 26 09:50:31.964#Z#DEBUG#54eb74fc-58e8-11f1-a04b-eeee0a8789dc.OPERATION#flowable-async-job-executor-thread-1630#
[CreateServiceStep] Triggered service operations: {
  "ServicioRRHH-destination" : "CREATE"
}#
#2026 05 26 09:50:31.965#Z#DEBUG#54eb74fc-58e8-11f1-a04b-eeee0a8789dc.OPERATION#flowable-async-job-executor-thread-1630#
Step "Create" finished#
#2026 05 26 09:50:32.992#Z#DEBUG#54eb74fc-58e8-11f1-a04b-eeee0a8789dc.OPERATION#flowable-async-job-executor-thread-1571#
[CheckServiceOperationStateStep] Executing task "CheckServiceOperationStateTask" of process "5657d72a-58e8-11f1-a98a-eeee0a8da251"...#
#2026 05 26 09:50:33.060#Z#DEBUG#54eb74fc-58e8-11f1-a04b-eeee0a8789dc.OPERATION#flowable-async-job-executor-thread-1571#
[CheckServiceOperationStateStep] Getting service instance "ServicioRRHH-auth"...#
#2026 05 26 09:50:33.098#Z#DEBUG#54eb74fc-58e8-11f1-a04b-eeee0a8789dc.OPERATION#flowable-async-job-executor-thread-1571#
Step "Check for service operations in Progress" finished#
#2026 05 26 09:50:33.130#Z#DEBUG#54eb74fc-58e8-11f1-a04b-eeee0a8789dc.OPERATION#flowable-async-job-executor-thread-1571#
[DetermineServiceCreateUpdateServiceActionsStep] Executing task "DetermineServiceCreateUpdateActionsTask" of process "5657d72a-58e8-11f1-a98a-eeee0a8da251"...#
#2026 05 26 09:50:33.134#Z#INFO#54eb74fc-58e8-11f1-a04b-eeee0a8789dc.OPERATION#flowable-async-job-executor-thread-1571#
[DetermineServiceCreateUpdateServiceActionsStep] Processing service "ServicioRRHH-auth"...#
#2026 05 26 09:50:33.139#Z#DEBUG#54eb74fc-58e8-11f1-a04b-eeee0a8789dc.OPERATION#flowable-async-job-executor-thread-1571#
[DetermineServiceCreateUpdateServiceActionsStep] Getting service instance "ServicioRRHH-auth"...#
#2026 05 26 09:50:33.167#Z#INFO#54eb74fc-58e8-11f1-a04b-eeee0a8789dc.OPERATION#flowable-async-job-executor-thread-1571#
[DetermineServiceCreateUpdateServiceActionsStep] Setting service "ServicioRRHH-auth" parameters from "xs-security.json"#
#2026 05 26 09:50:33.258#Z#DEBUG#54eb74fc-58e8-11f1-a04b-eeee0a8789dc.OPERATION#flowable-async-job-executor-thread-1571#
[DetermineServiceCreateUpdateServiceActionsStep] Service should be created#
#2026 05 26 09:50:33.265#Z#DEBUG#54eb74fc-58e8-11f1-a04b-eeee0a8789dc.OPERATION#flowable-async-job-executor-thread-1571#
Step "Determine update actions" finished#
#2026 05 26 09:50:33.316#Z#DEBUG#54eb74fc-58e8-11f1-a04b-eeee0a8789dc.OPERATION#flowable-async-job-executor-thread-1571#
[CreateServiceStep] Executing task "CreateServiceTask" of process "5657d72a-58e8-11f1-a98a-eeee0a8da251"...#
#2026 05 26 09:50:33.318#Z#INFO#54eb74fc-58e8-11f1-a04b-eeee0a8789dc.OPERATION#flowable-async-job-executor-thread-1571#
[CreateServiceStep] Creating service "ServicioRRHH-auth" from MTA resource "ServicioRRHH-auth"...#
#2026 05 26 09:50:33.323#Z#DEBUG#54eb74fc-58e8-11f1-a04b-eeee0a8789dc.OPERATION#flowable-async-job-executor-thread-1571#
[CreateServiceStep] Creating service instance: {
  "isOptional" : false,
  "isManaged" : true,
  "name" : "********",
  "v3Metadata" : {
    "annotations" : {
      "mta_id" : "ServicioRRHH",
      "mta_version" : "1.0.0",
      "mta_resource" : "********"
    },
    "labels" : {
      "mta_id" : "f801e2a5d77b94ebb37a3782c3cf6d04"
    }
  },
  "label" : "xsuaa",
  "plan" : "application",
  "credentials" : "********",
  "tags" : [ ],
  "type" : "managed",
  "resourceName" : "********",
  "shouldSkipParametersUpdate" : false,
  "shouldSkipPlanUpdate" : false,
  "shouldSkipTagsUpdate" : false,
  "shouldSkipSyslogUrlUpdate" : false
}#
#2026 05 26 09:50:33.497#Z#DEBUG#54eb74fc-58e8-11f1-a04b-eeee0a8789dc.OPERATION#flowable-async-job-executor-thread-1571#
[CreateServiceStep] Service "ServicioRRHH-auth" created#
#2026 05 26 09:50:33.497#Z#DEBUG#54eb74fc-58e8-11f1-a04b-eeee0a8789dc.OPERATION#flowable-async-job-executor-thread-1571#
[CreateServiceStep] Triggered service operations: {
  "ServicioRRHH-auth" : "CREATE"
}#
#2026 05 26 09:50:33.499#Z#DEBUG#54eb74fc-58e8-11f1-a04b-eeee0a8789dc.OPERATION#flowable-async-job-executor-thread-1571#
Step "Create" finished#
#2026 05 26 09:50:35.996#Z#DEBUG#54eb74fc-58e8-11f1-a04b-eeee0a8789dc.OPERATION#flowable-async-job-executor-thread-1574#
[CheckServiceOperationStateStep] Executing task "CheckServiceOperationStateTask" of process "582320e3-58e8-11f1-a98a-eeee0a8da251"...#
#2026 05 26 09:50:35.997#Z#DEBUG#54eb74fc-58e8-11f1-a04b-eeee0a8789dc.OPERATION#flowable-async-job-executor-thread-1574#
[CheckServiceOperationStateStep] Getting service instance "ServicioRRHH-db"...#
#2026 05 26 09:50:36.023#Z#DEBUG#54eb74fc-58e8-11f1-a04b-eeee0a8789dc.OPERATION#flowable-async-job-executor-thread-1574#
Step "Check for service operations in Progress" finished#
#2026 05 26 09:50:36.058#Z#DEBUG#54eb74fc-58e8-11f1-a04b-eeee0a8789dc.OPERATION#flowable-async-job-executor-thread-1575#
[DetermineServiceCreateUpdateServiceActionsStep] Executing task "DetermineServiceCreateUpdateActionsTask" of process "582320e3-58e8-11f1-a98a-eeee0a8da251"...#
#2026 05 26 09:50:36.060#Z#INFO#54eb74fc-58e8-11f1-a04b-eeee0a8789dc.OPERATION#flowable-async-job-executor-thread-1575#
[DetermineServiceCreateUpdateServiceActionsStep] Processing service "ServicioRRHH-db"...#
#2026 05 26 09:50:36.065#Z#DEBUG#54eb74fc-58e8-11f1-a04b-eeee0a8789dc.OPERATION#flowable-async-job-executor-thread-1575#
[DetermineServiceCreateUpdateServiceActionsStep] Getting service instance "ServicioRRHH-db"...#
#2026 05 26 09:50:36.096#Z#DEBUG#54eb74fc-58e8-11f1-a04b-eeee0a8789dc.OPERATION#flowable-async-job-executor-thread-1575#
[DetermineServiceCreateUpdateServiceActionsStep] Service should be created#
#2026 05 26 09:50:36.098#Z#DEBUG#54eb74fc-58e8-11f1-a04b-eeee0a8789dc.OPERATION#flowable-async-job-executor-thread-1575#
Step "Determine update actions" finished#
#2026 05 26 09:50:36.145#Z#DEBUG#54eb74fc-58e8-11f1-a04b-eeee0a8789dc.OPERATION#flowable-async-job-executor-thread-1575#
[CreateServiceStep] Executing task "CreateServiceTask" of process "582320e3-58e8-11f1-a98a-eeee0a8da251"...#
#2026 05 26 09:50:36.148#Z#INFO#54eb74fc-58e8-11f1-a04b-eeee0a8789dc.OPERATION#flowable-async-job-executor-thread-1575#
[CreateServiceStep] Creating service "ServicioRRHH-db" from MTA resource "ServicioRRHH-db"...#
#2026 05 26 09:50:36.153#Z#DEBUG#54eb74fc-58e8-11f1-a04b-eeee0a8789dc.OPERATION#flowable-async-job-executor-thread-1575#
[CreateServiceStep] Creating service instance: {
  "isOptional" : false,
  "isManaged" : true,
  "name" : "ServicioRRHH-db",
  "v3Metadata" : {
    "annotations" : {
      "mta_id" : "ServicioRRHH",
      "mta_version" : "1.0.0",
      "mta_resource" : "{\"name\":\"ServicioRRHH-db\"}"
    },
    "labels" : {
      "mta_id" : "f801e2a5d77b94ebb37a3782c3cf6d04"
    }
  },
  "label" : "hana",
  "plan" : "hdi-shared",
  "credentials" : "********",
  "tags" : [ ],
  "type" : "managed",
  "resourceName" : "ServicioRRHH-db",
  "shouldSkipParametersUpdate" : false,
  "shouldSkipPlanUpdate" : false,
  "shouldSkipTagsUpdate" : false,
  "shouldSkipSyslogUrlUpdate" : false
}#
#2026 05 26 09:50:36.319#Z#DEBUG#54eb74fc-58e8-11f1-a04b-eeee0a8789dc.OPERATION#flowable-async-job-executor-thread-1575#
[CreateServiceStep] Service "ServicioRRHH-db" created#
#2026 05 26 09:50:36.319#Z#DEBUG#54eb74fc-58e8-11f1-a04b-eeee0a8789dc.OPERATION#flowable-async-job-executor-thread-1575#
[CreateServiceStep] Triggered service operations: {
  "ServicioRRHH-db" : "CREATE"
}#
#2026 05 26 09:50:36.321#Z#DEBUG#54eb74fc-58e8-11f1-a04b-eeee0a8789dc.OPERATION#flowable-async-job-executor-thread-1575#
Step "Create" finished#
#2026 05 26 09:50:38.557#Z#DEBUG#54eb74fc-58e8-11f1-a04b-eeee0a8789dc.OPERATION#flowable-async-job-executor-thread-1639#
[CreateServiceStep] Executing task "CreateServiceTask" of process "559067f9-58e8-11f1-a04b-eeee0a8789dc"...#
#2026 05 26 09:50:38.558#Z#DEBUG#54eb74fc-58e8-11f1-a04b-eeee0a8789dc.OPERATION#flowable-async-job-executor-thread-1639#
[CreateServiceStep] Polling service operations...#
#2026 05 26 09:50:38.560#Z#DEBUG#54eb74fc-58e8-11f1-a04b-eeee0a8789dc.OPERATION#flowable-async-job-executor-thread-1639#
[CreateServiceStep] Getting service instance "ServicioRRHH-destination"...#
#2026 05 26 09:50:38.665#Z#DEBUG#54eb74fc-58e8-11f1-a04b-eeee0a8789dc.OPERATION#flowable-async-job-executor-thread-1639#
[CreateServiceStep] Last operation for service "ServicioRRHH-destination": {
  "type" : "CREATE",
  "description" : "",
  "state" : "SUCCEEDED"
}#
#2026 05 26 09:50:38.665#Z#DEBUG#54eb74fc-58e8-11f1-a04b-eeee0a8789dc.OPERATION#flowable-async-job-executor-thread-1639#
[CreateServiceStep] Service "ServicioRRHH-destination" created#
#2026 05 26 09:50:38.665#Z#INFO#54eb74fc-58e8-11f1-a04b-eeee0a8789dc.OPERATION#flowable-async-job-executor-thread-1639#
[CreateServiceStep] 1 of 1 done#
#2026 05 26 09:50:38.677#Z#DEBUG#54eb74fc-58e8-11f1-a04b-eeee0a8789dc.OPERATION#flowable-async-job-executor-thread-1639#
[CreateServiceStep] Remaining services to poll: [ ]#
#2026 05 26 09:50:38.680#Z#DEBUG#54eb74fc-58e8-11f1-a04b-eeee0a8789dc.OPERATION#flowable-async-job-executor-thread-1639#
Step "Create" finished#
#2026 05 26 09:50:48.589#Z#DEBUG#54eb74fc-58e8-11f1-a04b-eeee0a8789dc.OPERATION#flowable-async-job-executor-thread-1649#
[CreateServiceStep] Executing task "CreateServiceTask" of process "582320e3-58e8-11f1-a98a-eeee0a8da251"...#
#2026 05 26 09:50:48.590#Z#DEBUG#54eb74fc-58e8-11f1-a04b-eeee0a8789dc.OPERATION#flowable-async-job-executor-thread-1649#
[CreateServiceStep] Polling service operations...#
#2026 05 26 09:50:48.594#Z#DEBUG#54eb74fc-58e8-11f1-a04b-eeee0a8789dc.OPERATION#flowable-async-job-executor-thread-1649#
[CreateServiceStep] Getting service instance "ServicioRRHH-db"...#
#2026 05 26 09:50:48.678#Z#DEBUG#54eb74fc-58e8-11f1-a04b-eeee0a8789dc.OPERATION#flowable-async-job-executor-thread-1649#
[CreateServiceStep] Last operation for service "ServicioRRHH-db": {
  "type" : "CREATE",
  "state" : "SUCCEEDED"
}#
#2026 05 26 09:50:48.678#Z#DEBUG#54eb74fc-58e8-11f1-a04b-eeee0a8789dc.OPERATION#flowable-async-job-executor-thread-1649#
[CreateServiceStep] Service "ServicioRRHH-db" created#
#2026 05 26 09:50:48.678#Z#INFO#54eb74fc-58e8-11f1-a04b-eeee0a8789dc.OPERATION#flowable-async-job-executor-thread-1649#
[CreateServiceStep] 1 of 1 done#
#2026 05 26 09:50:48.686#Z#DEBUG#54eb74fc-58e8-11f1-a04b-eeee0a8789dc.OPERATION#flowable-async-job-executor-thread-1649#
[CreateServiceStep] Remaining services to poll: [ ]#
#2026 05 26 09:50:48.687#Z#DEBUG#54eb74fc-58e8-11f1-a04b-eeee0a8789dc.OPERATION#flowable-async-job-executor-thread-1649#
Step "Create" finished#
#2026 05 26 09:50:48.706#Z#DEBUG#54eb74fc-58e8-11f1-a04b-eeee0a8789dc.OPERATION#flowable-async-job-executor-thread-1647#
[CreateServiceStep] Executing task "CreateServiceTask" of process "5657d72a-58e8-11f1-a98a-eeee0a8da251"...#
#2026 05 26 09:50:48.707#Z#DEBUG#54eb74fc-58e8-11f1-a04b-eeee0a8789dc.OPERATION#flowable-async-job-executor-thread-1647#
[CreateServiceStep] Polling service operations...#
#2026 05 26 09:50:48.710#Z#DEBUG#54eb74fc-58e8-11f1-a04b-eeee0a8789dc.OPERATION#flowable-async-job-executor-thread-1647#
[CreateServiceStep] Getting service instance "ServicioRRHH-auth"...#
#2026 05 26 09:50:48.803#Z#DEBUG#54eb74fc-58e8-11f1-a04b-eeee0a8789dc.OPERATION#flowable-async-job-executor-thread-1647#
[CreateServiceStep] Last operation for service "ServicioRRHH-auth": {
  "type" : "CREATE",
  "description" : "",
  "state" : "SUCCEEDED"
}#
#2026 05 26 09:50:48.803#Z#DEBUG#54eb74fc-58e8-11f1-a04b-eeee0a8789dc.OPERATION#flowable-async-job-executor-thread-1647#
[CreateServiceStep] Service "ServicioRRHH-auth" created#
#2026 05 26 09:50:48.803#Z#INFO#54eb74fc-58e8-11f1-a04b-eeee0a8789dc.OPERATION#flowable-async-job-executor-thread-1647#
[CreateServiceStep] 1 of 1 done#
#2026 05 26 09:50:48.809#Z#DEBUG#54eb74fc-58e8-11f1-a04b-eeee0a8789dc.OPERATION#flowable-async-job-executor-thread-1647#
[CreateServiceStep] Remaining services to poll: [ ]#
#2026 05 26 09:50:48.810#Z#DEBUG#54eb74fc-58e8-11f1-a04b-eeee0a8789dc.OPERATION#flowable-async-job-executor-thread-1647#
Step "Create" finished#
#2026 05 26 09:50:49.062#Z#DEBUG#54eb74fc-58e8-11f1-a04b-eeee0a8789dc.OPERATION#flowable-async-job-executor-thread-1647#
[PrepareModulesDeploymentStep] Executing task "prepareModulesDeploymentTask" of process "5fe90704-58e8-11f1-a04b-eeee0a8789dc"...#
#2026 05 26 09:50:49.062#Z#DEBUG#54eb74fc-58e8-11f1-a04b-eeee0a8789dc.OPERATION#flowable-async-job-executor-thread-1647#
[PrepareModulesDeploymentStep] Preparing modules deployment...#
#2026 05 26 09:50:49.067#Z#DEBUG#54eb74fc-58e8-11f1-a04b-eeee0a8789dc.OPERATION#flowable-async-job-executor-thread-1647#
Step "Prepare Modules Deployment" finished#
#2026 05 26 09:50:49.106#Z#DEBUG#54eb74fc-58e8-11f1-a04b-eeee0a8789dc.OPERATION#flowable-async-job-executor-thread-1647#
[ComputeNextModulesStep] Executing task "computeNextModulesToDeployInParallel" of process "5fe90704-58e8-11f1-a04b-eeee0a8789dc"...#
#2026 05 26 09:50:49.106#Z#DEBUG#54eb74fc-58e8-11f1-a04b-eeee0a8789dc.OPERATION#flowable-async-job-executor-thread-1647#
[ComputeNextModulesStep] Computing modules for next parallel iteration...#
#2026 05 26 09:50:49.108#Z#DEBUG#54eb74fc-58e8-11f1-a04b-eeee0a8789dc.OPERATION#flowable-async-job-executor-thread-1647#
[ComputeNextModulesStep] Completed modules detected: []#
#2026 05 26 09:50:49.108#Z#DEBUG#54eb74fc-58e8-11f1-a04b-eeee0a8789dc.OPERATION#flowable-async-job-executor-thread-1647#
[ComputeNextModulesStep] All modules for deploy detected: [ServicioRRHH-srv, ServicioRRHH-db-deployer]#
#2026 05 26 09:50:49.108#Z#DEBUG#54eb74fc-58e8-11f1-a04b-eeee0a8789dc.OPERATION#flowable-async-job-executor-thread-1647#
[ComputeNextModulesStep] Modules not for deploy detected: []#
#2026 05 26 09:50:49.109#Z#DEBUG#54eb74fc-58e8-11f1-a04b-eeee0a8789dc.OPERATION#flowable-async-job-executor-thread-1647#
[ComputeNextModulesStep] Computed modules for next parallel iteration: [ {
  "majorSchemaVersion" : 3,
  "name" : "ServicioRRHH-srv",
  "type" : "javascript.nodejs",
  "path" : "ServicioRRHH-srv",
  "properties" : { },
  "parameters" : {
    "app-name" : "ServicioRRHH-srv",
    "buildpack" : "nodejs_buildpack",
    "default-app-name" : "ServicioRRHH-srv",
    "default-host" : "3c6c6e44trial-dev-serviciorrhh-srv",
    "default-instances" : 1,
    "default-live-app-name" : "ServicioRRHH-srv",
    "default-live-domain" : "cfapps.us10-001.hana.ondemand.com",
    "default-live-host" : "3c6c6e44trial-dev-serviciorrhh-srv",
    "default-live-uri" : "3c6c6e44trial-dev-serviciorrhh-srv.cfapps.us10-001.hana.ondemand.com",
    "default-live-url" : "https://3c6c6e44trial-dev-serviciorrhh-srv.cfapps.us10-001.hana.ondemand.com",
    "default-uri" : "3c6c6e44trial-dev-serviciorrhh-srv.cfapps.us10-001.hana.ondemand.com",
    "default-url" : "https://3c6c6e44trial-dev-serviciorrhh-srv.cfapps.us10-001.hana.ondemand.com",
    "dependency-type" : "soft",
    "domain" : "cfapps.us10-001.hana.ondemand.com",
    "generated-password" : "********",
    "generated-user" : "********",
    "host" : "3c6c6e44trial-dev-serviciorrhh-srv",
    "instances" : 1,
    "protocol" : "https"
  },
  "requiredDependencies" : [ {
    "majorSchemaVersion" : 3,
    "name" : "********",
    "properties" : { },
    "parameters" : { },
    "propertiesMetadata" : {
      "metadata" : { }
    },
    "parametersMetadata" : {
      "metadata" : { }
    }
  }, {
    "majorSchemaVersion" : 3,
    "name" : "ServicioRRHH-db",
    "properties" : { },
    "parameters" : { },
    "propertiesMetadata" : {
      "metadata" : { }
    },
    "parametersMetadata" : {
      "metadata" : { }
    }
  }, {
    "majorSchemaVersion" : 3,
    "name" : "ServicioRRHH-destination",
    "properties" : { },
    "parameters" : { },
    "propertiesMetadata" : {
      "metadata" : { }
    },
    "parametersMetadata" : {
      "metadata" : { }
    }
  } ],
  "providedDependencies" : [ {
    "majorSchemaVersion" : 3,
    "name" : "srv-api",
    "isPublic" : false,
    "properties" : {
      "srv-url" : "https://3c6c6e44trial-dev-serviciorrhh-srv.cfapps.us10-001.hana.ondemand.com"
    },
    "parameters" : { },
    "propertiesMetadata" : {
      "metadata" : { }
    },
    "parametersMetadata" : {
      "metadata" : { }
    }
  }, {
    "majorSchemaVersion" : 3,
    "name" : "ServicioRRHH-srv",
    "isPublic" : false,
    "properties" : { },
    "parameters" : { },
    "propertiesMetadata" : {
      "metadata" : { }
    },
    "parametersMetadata" : {
      "metadata" : { }
    }
  } ],
  "propertiesMetadata" : {
    "metadata" : { }
  },
  "parametersMetadata" : {
    "metadata" : { }
  },
  "deployedAfter" : [ ],
  "hooks" : [ ]
}, {
  "majorSchemaVersion" : 3,
  "name" : "ServicioRRHH-db-deployer",
  "type" : "com.sap.xs.hdi",
  "path" : "ServicioRRHH-db-deployer",
  "properties" : {
    "EXIT" : 1
  },
  "parameters" : {
    "app-name" : "ServicioRRHH-db-deployer",
    "buildpack" : "nodejs_buildpack",
    "default-app-name" : "ServicioRRHH-db-deployer",
    "default-host" : "3c6c6e44trial-dev-serviciorrhh-db-deployer",
    "default-instances" : 1,
    "default-live-app-name" : "ServicioRRHH-db-deployer",
    "default-live-domain" : "cfapps.us10-001.hana.ondemand.com",
    "default-live-host" : "3c6c6e44trial-dev-serviciorrhh-db-deployer",
    "default-live-uri" : "3c6c6e44trial-dev-serviciorrhh-db-deployer.cfapps.us10-001.hana.ondemand.com",
    "default-live-url" : "https://3c6c6e44trial-dev-serviciorrhh-db-deployer.cfapps.us10-001.hana.ondemand.com",
    "default-uri" : "3c6c6e44trial-dev-serviciorrhh-db-deployer.cfapps.us10-001.hana.ondemand.com",
    "default-url" : "https://3c6c6e44trial-dev-serviciorrhh-db-deployer.cfapps.us10-001.hana.ondemand.com",
    "dependency-type" : "hard",
    "domain" : "cfapps.us10-001.hana.ondemand.com",
    "generated-password" : "********",
    "generated-user" : "********",
    "host" : "3c6c6e44trial-dev-serviciorrhh-db-deployer",
    "instances" : 1,
    "memory" : "256M",
    "no-route" : true,
    "no-start" : true,
    "protocol" : "https",
    "tasks" : [ {
      "command" : "npm start",
      "memory" : "256M",
      "name" : "deploy"
    } ]
  },
  "requiredDependencies" : [ {
    "majorSchemaVersion" : 3,
    "name" : "ServicioRRHH-db",
    "properties" : { },
    "parameters" : { },
    "propertiesMetadata" : {
      "metadata" : { }
    },
    "parametersMetadata" : {
      "metadata" : { }
    }
  } ],
  "providedDependencies" : [ {
    "majorSchemaVersion" : 3,
    "name" : "ServicioRRHH-db-deployer",
    "isPublic" : false,
    "properties" : { },
    "parameters" : { },
    "propertiesMetadata" : {
      "metadata" : { }
    },
    "parametersMetadata" : {
      "metadata" : { }
    }
  } ],
  "propertiesMetadata" : {
    "metadata" : { }
  },
  "parametersMetadata" : {
    "metadata" : { }
  },
  "deployedAfter" : [ ],
  "hooks" : [ ]
} ]#
#2026 05 26 09:50:49.109#Z#DEBUG#54eb74fc-58e8-11f1-a04b-eeee0a8789dc.OPERATION#flowable-async-job-executor-thread-1647#
Step "Compute Next Modules To Deploy" finished#
#2026 05 26 09:50:49.252#Z#DEBUG#54eb74fc-58e8-11f1-a04b-eeee0a8789dc.OPERATION#flowable-async-job-executor-thread-1647#
[ProcessDescriptorStep] Executing task "reprocessDescriptorTask" of process "60040984-58e8-11f1-a04b-eeee0a8789dc"...#
#2026 05 26 09:50:49.252#Z#DEBUG#54eb74fc-58e8-11f1-a04b-eeee0a8789dc.OPERATION#flowable-async-job-executor-thread-1647#
[ProcessDescriptorStep] Resolving properties and parameters in merged descriptor...#
#2026 05 26 09:50:49.255#Z#DEBUG#54eb74fc-58e8-11f1-a04b-eeee0a8789dc.OPERATION#flowable-async-job-executor-thread-1647#
[ProcessDescriptorStep] Subscriptions: [ ]#
#2026 05 26 09:50:49.265#Z#DEBUG#54eb74fc-58e8-11f1-a04b-eeee0a8789dc.OPERATION#flowable-async-job-executor-thread-1647#
[ProcessDescriptorStep] MTA modules: [ServicioRRHH-srv, ServicioRRHH-db-deployer]#
#2026 05 26 09:50:49.267#Z#DEBUG#54eb74fc-58e8-11f1-a04b-eeee0a8789dc.OPERATION#flowable-async-job-executor-thread-1647#
[ProcessDescriptorStep] Resolved deployment descriptor: {
  "majorSchemaVersion" : 3,
  "schemaVersion" : "3.3.0",
  "id" : "ServicioRRHH",
  "version" : "1.0.0",
  "modules" : [ {
    "majorSchemaVersion" : 3,
    "name" : "ServicioRRHH-srv",
    "type" : "javascript.nodejs",
    "path" : "ServicioRRHH-srv",
    "properties" : { },
    "parameters" : {
      "default-url" : "https://3c6c6e44trial-dev-serviciorrhh-srv.cfapps.us10-001.hana.ondemand.com",
      "default-app-name" : "ServicioRRHH-srv",
      "generated-password" : "********",
      "default-live-url" : "https://3c6c6e44trial-dev-serviciorrhh-srv.cfapps.us10-001.hana.ondemand.com",
      "default-uri" : "3c6c6e44trial-dev-serviciorrhh-srv.cfapps.us10-001.hana.ondemand.com",
      "default-instances" : 1,
      "default-live-host" : "3c6c6e44trial-dev-serviciorrhh-srv",
      "instances" : 1,
      "buildpack" : "nodejs_buildpack",
      "default-host" : "3c6c6e44trial-dev-serviciorrhh-srv",
      "app-name" : "ServicioRRHH-srv",
      "default-live-uri" : "3c6c6e44trial-dev-serviciorrhh-srv.cfapps.us10-001.hana.ondemand.com",
      "protocol" : "https",
      "default-live-app-name" : "ServicioRRHH-srv",
      "default-live-domain" : "cfapps.us10-001.hana.ondemand.com",
      "domain" : "cfapps.us10-001.hana.ondemand.com",
      "host" : "3c6c6e44trial-dev-serviciorrhh-srv",
      "generated-user" : "********"
    },
    "requiredDependencies" : [ {
      "majorSchemaVersion" : 3,
      "name" : "********",
      "properties" : { },
      "parameters" : { },
      "propertiesMetadata" : {
        "metadata" : { }
      },
      "parametersMetadata" : {
        "metadata" : { }
      }
    }, {
      "majorSchemaVersion" : 3,
      "name" : "ServicioRRHH-db",
      "properties" : { },
      "parameters" : { },
      "propertiesMetadata" : {
        "metadata" : { }
      },
      "parametersMetadata" : {
        "metadata" : { }
      }
    }, {
      "majorSchemaVersion" : 3,
      "name" : "ServicioRRHH-destination",
      "properties" : { },
      "parameters" : { },
      "propertiesMetadata" : {
        "metadata" : { }
      },
      "parametersMetadata" : {
        "metadata" : { }
      }
    } ],
    "providedDependencies" : [ {
      "majorSchemaVersion" : 3,
      "name" : "srv-api",
      "isPublic" : false,
      "properties" : {
        "srv-url" : "https://3c6c6e44trial-dev-serviciorrhh-srv.cfapps.us10-001.hana.ondemand.com"
      },
      "parameters" : { },
      "propertiesMetadata" : {
        "metadata" : { }
      },
      "parametersMetadata" : {
        "metadata" : { }
      }
    }, {
      "majorSchemaVersion" : 3,
      "name" : "ServicioRRHH-srv",
      "isPublic" : false,
      "properties" : { },
      "parameters" : { },
      "propertiesMetadata" : {
        "metadata" : { }
      },
      "parametersMetadata" : {
        "metadata" : { }
      }
    } ],
    "propertiesMetadata" : {
      "metadata" : { }
    },
    "parametersMetadata" : {
      "metadata" : { }
    },
    "hooks" : [ ]
  }, {
    "majorSchemaVersion" : 3,
    "name" : "ServicioRRHH-db-deployer",
    "type" : "com.sap.xs.hdi",
    "path" : "ServicioRRHH-db-deployer",
    "properties" : {
      "EXIT" : 1
    },
    "parameters" : {
      "default-url" : "https://3c6c6e44trial-dev-serviciorrhh-db-deployer.cfapps.us10-001.hana.ondemand.com",
      "default-app-name" : "ServicioRRHH-db-deployer",
      "generated-password" : "********",
      "default-live-url" : "https://3c6c6e44trial-dev-serviciorrhh-db-deployer.cfapps.us10-001.hana.ondemand.com",
      "default-uri" : "3c6c6e44trial-dev-serviciorrhh-db-deployer.cfapps.us10-001.hana.ondemand.com",
      "memory" : "256M",
      "default-instances" : 1,
      "no-route" : true,
      "default-live-host" : "3c6c6e44trial-dev-serviciorrhh-db-deployer",
      "instances" : 1,
      "buildpack" : "nodejs_buildpack",
      "default-host" : "3c6c6e44trial-dev-serviciorrhh-db-deployer",
      "app-name" : "ServicioRRHH-db-deployer",
      "default-live-uri" : "3c6c6e44trial-dev-serviciorrhh-db-deployer.cfapps.us10-001.hana.ondemand.com",
      "protocol" : "https",
      "default-live-app-name" : "ServicioRRHH-db-deployer",
      "default-live-domain" : "cfapps.us10-001.hana.ondemand.com",
      "dependency-type" : "hard",
      "domain" : "cfapps.us10-001.hana.ondemand.com",
      "host" : "3c6c6e44trial-dev-serviciorrhh-db-deployer",
      "generated-user" : "********",
      "tasks" : [ {
        "command" : "npm start",
        "memory" : "256M",
        "name" : "deploy"
      } ],
      "no-start" : true
    },
    "requiredDependencies" : [ {
      "majorSchemaVersion" : 3,
      "name" : "ServicioRRHH-db",
      "properties" : { },
      "parameters" : { },
      "propertiesMetadata" : {
        "metadata" : { }
      },
      "parametersMetadata" : {
        "metadata" : { }
      }
    } ],
    "providedDependencies" : [ {
      "majorSchemaVersion" : 3,
      "name" : "ServicioRRHH-db-deployer",
      "isPublic" : false,
      "properties" : { },
      "parameters" : { },
      "propertiesMetadata" : {
        "metadata" : { }
      },
      "parametersMetadata" : {
        "metadata" : { }
      }
    } ],
    "propertiesMetadata" : {
      "metadata" : { }
    },
    "parametersMetadata" : {
      "metadata" : { }
    },
    "hooks" : [ ]
  } ],
  "resources" : [ {
    "majorSchemaVersion" : 3,
    "name" : "********",
    "type" : "org.cloudfoundry.managed-service",
    "properties" : { },
    "parameters" : {
      "generated-password" : "********",
      "path" : "./xs-security.json",
      "service-name" : "********",
      "service-plan" : "application",
      "service" : "xsuaa",
      "generated-user" : "********",
      "default-xsappname" : "********",
      "type" : "managed-service",
      "config" : {
        "oauth2-configuration" : "********",
        "tenant-mode" : "dedicated",
        "xsappname" : "ServicioRRHH-3c6c6e44trial-dev"
      },
      "default-service-name" : "********",
      "default-container-name" : "********"
    },
    "isActive" : true,
    "isOptional" : false,
    "propertiesMetadata" : {
      "metadata" : { }
    },
    "parametersMetadata" : {
      "metadata" : { }
    },
    "requiredDependencies" : [ ],
    "processedAfter" : [ ]
  }, {
    "majorSchemaVersion" : 3,
    "name" : "ServicioRRHH-db",
    "type" : "com.sap.xs.hdi-container",
    "properties" : { },
    "parameters" : {
      "generated-password" : "********",
      "service-name" : "ServicioRRHH-db",
      "service-plan" : "hdi-shared",
      "service" : "hana",
      "generated-user" : "********",
      "default-xsappname" : "ServicioRRHH-db",
      "type" : "managed-service",
      "default-service-name" : "ServicioRRHH-db",
      "default-container-name" : "3C6C6E44TRIAL_DEV_SERVICIORRHH_DB"
    },
    "isActive" : true,
    "isOptional" : false,
    "propertiesMetadata" : {
      "metadata" : { }
    },
    "parametersMetadata" : {
      "metadata" : { }
    },
    "requiredDependencies" : [ ],
    "processedAfter" : [ ]
  }, {
    "majorSchemaVersion" : 3,
    "name" : "ServicioRRHH-destination",
    "type" : "org.cloudfoundry.managed-service",
    "properties" : { },
    "parameters" : {
      "generated-password" : "********",
      "service-name" : "ServicioRRHH-destination",
      "service-plan" : "lite",
      "service" : "destination",
      "generated-user" : "********",
      "default-xsappname" : "ServicioRRHH-destination",
      "type" : "managed-service",
      "default-service-name" : "ServicioRRHH-destination",
      "default-container-name" : "3C6C6E44TRIAL_DEV_SERVICIORRHH_DESTINATION"
    },
    "isActive" : true,
    "isOptional" : false,
    "propertiesMetadata" : {
      "metadata" : { }
    },
    "parametersMetadata" : {
      "metadata" : { }
    },
    "requiredDependencies" : [ ],
    "processedAfter" : [ ]
  } ],
  "parameters" : {
    "mta-id" : "ServicioRRHH",
    "authorization-url" : "********",
    "org-guid" : "9970ab68-97ac-4675-997f-51feb339e9bf",
    "org" : "3c6c6e44trial",
    "deploy-target" : "3c6c6e44trial dev",
    "enable-parallel-deployments" : true,
    "region-primary-domain" : "us10.hana.ondemand.com",
    "space" : "dev",
    "region-domain" : "us10-001.hana.ondemand.com",
    "xs-api-url" : "https://api.cf.us10-001.hana.ondemand.com",
    "deploy-url" : "deploy-service.cfapps.us10-001.hana.ondemand.com",
    "xs-type" : "CF",
    "default-domain" : "cfapps.us10-001.hana.ondemand.com",
    "mta-version" : "1.0.0",
    "xs-auth-url" : "********",
    "space-guid" : "b8586e3c-3d35-44f1-bd0c-5ed01295d82b",
    "user" : "********",
    "controller-url" : "https://api.cf.us10-001.hana.ondemand.com",
    "timestamp" : "20260526095030"
  },
  "parametersMetadata" : {
    "metadata" : { }
  }
}#
#2026 05 26 09:50:49.267#Z#DEBUG#54eb74fc-58e8-11f1-a04b-eeee0a8789dc.OPERATION#flowable-async-job-executor-thread-1647#
[ProcessDescriptorStep] Merged descriptor properties and parameters resolved#
#2026 05 26 09:50:49.267#Z#DEBUG#54eb74fc-58e8-11f1-a04b-eeee0a8789dc.OPERATION#flowable-async-job-executor-thread-1647#
Step "Re-Process Descriptor Step" finished#
#2026 05 26 09:50:49.301#Z#DEBUG#54eb74fc-58e8-11f1-a04b-eeee0a8789dc.OPERATION#flowable-async-job-executor-thread-1647#
[BuildApplicationDeployModelStep] Executing task "buildApplicationDeployModelTask" of process "60040984-58e8-11f1-a04b-eeee0a8789dc"...#
#2026 05 26 09:50:49.303#Z#DEBUG#54eb74fc-58e8-11f1-a04b-eeee0a8789dc.OPERATION#flowable-async-job-executor-thread-1647#
[BuildApplicationDeployModelStep] Building cloud deployment model for application "ServicioRRHH-srv"...#
#2026 05 26 09:50:49.307#Z#DEBUG#54eb74fc-58e8-11f1-a04b-eeee0a8789dc.OPERATION#flowable-async-job-executor-thread-1647#
[BuildApplicationDeployModelStep] No health-check-type is specified. Setting default type: port#
#2026 05 26 09:50:49.308#Z#INFO#54eb74fc-58e8-11f1-a04b-eeee0a8789dc.OPERATION#flowable-async-job-executor-thread-1647#
[BuildApplicationDeployModelStep] Building configuration entries for org 3c6c6e44trial, space dev, spaceId b8586e3c-3d35-44f1-bd0c-5ed01295d82b and namespace null!#
#2026 05 26 09:50:49.308#Z#DEBUG#54eb74fc-58e8-11f1-a04b-eeee0a8789dc.OPERATION#flowable-async-job-executor-thread-1647#
[BuildApplicationDeployModelStep] Configuration entries to publish: [ ]#
#2026 05 26 09:50:49.308#Z#DEBUG#54eb74fc-58e8-11f1-a04b-eeee0a8789dc.OPERATION#flowable-async-job-executor-thread-1647#
[BuildApplicationDeployModelStep] Cloud deployment model for application built#
#2026 05 26 09:50:49.308#Z#DEBUG#54eb74fc-58e8-11f1-a04b-eeee0a8789dc.OPERATION#flowable-async-job-executor-thread-1647#
Step "Build Application Deploy Model" finished#
#2026 05 26 09:50:49.350#Z#DEBUG#54eb74fc-58e8-11f1-a04b-eeee0a8789dc.OPERATION#flowable-async-job-executor-thread-1647#
[CreateOrUpdateAppStep] Executing task "createAppTask" of process "60040984-58e8-11f1-a04b-eeee0a8789dc"...#
#2026 05 26 09:50:49.351#Z#DEBUG#54eb74fc-58e8-11f1-a04b-eeee0a8789dc.OPERATION#flowable-async-job-executor-thread-1647#
[CreateOrUpdateAppStep] Getting application "ServicioRRHH-srv"...#
#2026 05 26 09:50:49.388#Z#INFO#54eb74fc-58e8-11f1-a04b-eeee0a8789dc.OPERATION#flowable-async-job-executor-thread-1647#
[CreateOrUpdateAppStep] Creating application "ServicioRRHH-srv" from MTA module "ServicioRRHH-srv"...#
#2026 05 26 09:50:49.394#Z#DEBUG#54eb74fc-58e8-11f1-a04b-eeee0a8789dc.OPERATION#flowable-async-job-executor-thread-1647#
[CreateOrUpdateAppStep] Creating application "ServicioRRHH-srv" with disk "null" memory "null", URIs "3c6c6e44trial-dev-serviciorrhh-srv.cfapps.us10-001.hana.ondemand.com" and staging: "{
  "buildpacks" : [ "nodejs_buildpack" ],
  "healthCheckType" : "port",
  "appFeatures" : { }
}"#
#2026 05 26 09:50:49.816#Z#DEBUG#54eb74fc-58e8-11f1-a04b-eeee0a8789dc.OPERATION#flowable-async-job-executor-thread-1647#
[CreateOrUpdateAppStep] Application "ServicioRRHH-srv" created#
#2026 05 26 09:50:49.816#Z#DEBUG#54eb74fc-58e8-11f1-a04b-eeee0a8789dc.OPERATION#flowable-async-job-executor-thread-1647#
Step "Create App" finished#
#2026 05 26 09:50:49.905#Z#DEBUG#54eb74fc-58e8-11f1-a04b-eeee0a8789dc.OPERATION#flowable-async-job-executor-thread-1647#
[CheckServiceBindingOperationStep] Executing task "checkForServiceBindingOperationInProgress" of process "606d7961-58e8-11f1-a04b-eeee0a8789dc"...#
#2026 05 26 09:50:49.905#Z#DEBUG#54eb74fc-58e8-11f1-a04b-eeee0a8789dc.OPERATION#flowable-async-job-executor-thread-1647#
[CheckServiceBindingOperationStep] Checking for service binding operation in progress between app "ServicioRRHH-srv" and service instance "ServicioRRHH-auth"#
#2026 05 26 09:50:49.906#Z#DEBUG#54eb74fc-58e8-11f1-a04b-eeee0a8789dc.OPERATION#flowable-async-job-executor-thread-1647#
[CheckServiceBindingOperationStep] Getting application guid "ServicioRRHH-srv"...#
#2026 05 26 09:50:49.960#Z#DEBUG#54eb74fc-58e8-11f1-a04b-eeee0a8789dc.OPERATION#flowable-async-job-executor-thread-1647#
[CheckServiceBindingOperationStep] Getting GUID of required service instance "ServicioRRHH-auth"...#
#2026 05 26 09:50:49.990#Z#DEBUG#54eb74fc-58e8-11f1-a04b-eeee0a8789dc.OPERATION#flowable-async-job-executor-thread-1647#
[CheckServiceBindingOperationStep] Getting binding of service instance "2f90bf64-89be-40d1-aee5-48c85cec80ac" with application "824b158a-2801-42d7-b810-dd55c374775b"...#
#2026 05 26 09:50:50.027#Z#DEBUG#54eb74fc-58e8-11f1-a04b-eeee0a8789dc.OPERATION#flowable-async-job-executor-thread-1647#
Step "Check For Service Binding Operation In Progress" finished#
#2026 05 26 09:50:50.054#Z#DEBUG#54eb74fc-58e8-11f1-a04b-eeee0a8789dc.OPERATION#flowable-async-job-executor-thread-1647#
[DetermineApplicationServiceBindingActionsStep] Executing task "determineApplicationServiceBindingActionsTask" of process "606d7961-58e8-11f1-a04b-eeee0a8789dc"...#
#2026 05 26 09:50:50.057#Z#DEBUG#54eb74fc-58e8-11f1-a04b-eeee0a8789dc.OPERATION#flowable-async-job-executor-thread-1647#
[DetermineApplicationServiceBindingActionsStep] Determine bind/unbind operations of application "ServicioRRHH-srv" to service instance "ServicioRRHH-auth"#
#2026 05 26 09:50:50.057#Z#DEBUG#54eb74fc-58e8-11f1-a04b-eeee0a8789dc.OPERATION#flowable-async-job-executor-thread-1647#
[DetermineApplicationServiceBindingActionsStep] Getting application "ServicioRRHH-srv"...#
#2026 05 26 09:50:50.111#Z#DEBUG#54eb74fc-58e8-11f1-a04b-eeee0a8789dc.OPERATION#flowable-async-job-executor-thread-1647#
[DetermineApplicationServiceBindingActionsStep] Binding parameters for application "ServicioRRHH-srv": { }#
#2026 05 26 09:50:50.145#Z#DEBUG#54eb74fc-58e8-11f1-a04b-eeee0a8789dc.OPERATION#flowable-async-job-executor-thread-1647#
[DetermineApplicationServiceBindingActionsStep] Calculated binding operations between application "ServicioRRHH-srv" and service instance "ServicioRRHH-auth": unbind - false bind - true#
#2026 05 26 09:50:50.145#Z#DEBUG#54eb74fc-58e8-11f1-a04b-eeee0a8789dc.OPERATION#flowable-async-job-executor-thread-1647#
Step "Determine Application Service Binding Actions" finished#
#2026 05 26 09:50:50.176#Z#DEBUG#54eb74fc-58e8-11f1-a04b-eeee0a8789dc.OPERATION#flowable-async-job-executor-thread-1647#
[BindServiceToApplicationStep] Executing task "bindServiceToApplicationTask" of process "606d7961-58e8-11f1-a04b-eeee0a8789dc"...#
#2026 05 26 09:50:50.177#Z#INFO#54eb74fc-58e8-11f1-a04b-eeee0a8789dc.OPERATION#flowable-async-job-executor-thread-1647#
[BindServiceToApplicationStep] Binding service instance "ServicioRRHH-auth" to application "ServicioRRHH-srv"...#
#2026 05 26 09:50:50.183#Z#DEBUG#54eb74fc-58e8-11f1-a04b-eeee0a8789dc.OPERATION#flowable-async-job-executor-thread-1647#
[BindServiceToApplicationStep] Binding service instance "ServicioRRHH-auth" to application "ServicioRRHH-srv" with parameters: { }#
#2026 05 26 09:50:50.306#Z#DEBUG#54eb74fc-58e8-11f1-a04b-eeee0a8789dc.OPERATION#flowable-async-job-executor-thread-1647#
Step "Bind Service to Application" finished#
#2026 05 26 09:50:51.206#Z#DEBUG#54eb74fc-58e8-11f1-a04b-eeee0a8789dc.OPERATION#flowable-async-job-executor-thread-1582#
[ProcessDescriptorStep] Executing task "reprocessDescriptorTask" of process "6125cc98-58e8-11f1-a98a-eeee0a8da251"...#
#2026 05 26 09:50:51.207#Z#DEBUG#54eb74fc-58e8-11f1-a04b-eeee0a8789dc.OPERATION#flowable-async-job-executor-thread-1582#
[ProcessDescriptorStep] Resolving properties and parameters in merged descriptor...#
#2026 05 26 09:50:51.211#Z#DEBUG#54eb74fc-58e8-11f1-a04b-eeee0a8789dc.OPERATION#flowable-async-job-executor-thread-1582#
[ProcessDescriptorStep] Subscriptions: [ ]#
#2026 05 26 09:50:51.217#Z#DEBUG#54eb74fc-58e8-11f1-a04b-eeee0a8789dc.OPERATION#flowable-async-job-executor-thread-1582#
[ProcessDescriptorStep] MTA modules: [ServicioRRHH-srv, ServicioRRHH-db-deployer]#
#2026 05 26 09:50:51.219#Z#DEBUG#54eb74fc-58e8-11f1-a04b-eeee0a8789dc.OPERATION#flowable-async-job-executor-thread-1582#
[ProcessDescriptorStep] Resolved deployment descriptor: {
  "majorSchemaVersion" : 3,
  "schemaVersion" : "3.3.0",
  "id" : "ServicioRRHH",
  "version" : "1.0.0",
  "modules" : [ {
    "majorSchemaVersion" : 3,
    "name" : "ServicioRRHH-srv",
    "type" : "javascript.nodejs",
    "path" : "ServicioRRHH-srv",
    "properties" : { },
    "parameters" : {
      "default-url" : "https://3c6c6e44trial-dev-serviciorrhh-srv.cfapps.us10-001.hana.ondemand.com",
      "default-app-name" : "ServicioRRHH-srv",
      "generated-password" : "********",
      "default-live-url" : "https://3c6c6e44trial-dev-serviciorrhh-srv.cfapps.us10-001.hana.ondemand.com",
      "default-uri" : "3c6c6e44trial-dev-serviciorrhh-srv.cfapps.us10-001.hana.ondemand.com",
      "default-instances" : 1,
      "default-live-host" : "3c6c6e44trial-dev-serviciorrhh-srv",
      "instances" : 1,
      "buildpack" : "nodejs_buildpack",
      "default-host" : "3c6c6e44trial-dev-serviciorrhh-srv",
      "app-name" : "ServicioRRHH-srv",
      "default-live-uri" : "3c6c6e44trial-dev-serviciorrhh-srv.cfapps.us10-001.hana.ondemand.com",
      "protocol" : "https",
      "default-live-app-name" : "ServicioRRHH-srv",
      "default-live-domain" : "cfapps.us10-001.hana.ondemand.com",
      "domain" : "cfapps.us10-001.hana.ondemand.com",
      "host" : "3c6c6e44trial-dev-serviciorrhh-srv",
      "generated-user" : "********"
    },
    "requiredDependencies" : [ {
      "majorSchemaVersion" : 3,
      "name" : "********",
      "properties" : { },
      "parameters" : { },
      "propertiesMetadata" : {
        "metadata" : { }
      },
      "parametersMetadata" : {
        "metadata" : { }
      }
    }, {
      "majorSchemaVersion" : 3,
      "name" : "ServicioRRHH-db",
      "properties" : { },
      "parameters" : { },
      "propertiesMetadata" : {
        "metadata" : { }
      },
      "parametersMetadata" : {
        "metadata" : { }
      }
    }, {
      "majorSchemaVersion" : 3,
      "name" : "ServicioRRHH-destination",
      "properties" : { },
      "parameters" : { },
      "propertiesMetadata" : {
        "metadata" : { }
      },
      "parametersMetadata" : {
        "metadata" : { }
      }
    } ],
    "providedDependencies" : [ {
      "majorSchemaVersion" : 3,
      "name" : "srv-api",
      "isPublic" : false,
      "properties" : {
        "srv-url" : "https://3c6c6e44trial-dev-serviciorrhh-srv.cfapps.us10-001.hana.ondemand.com"
      },
      "parameters" : { },
      "propertiesMetadata" : {
        "metadata" : { }
      },
      "parametersMetadata" : {
        "metadata" : { }
      }
    }, {
      "majorSchemaVersion" : 3,
      "name" : "ServicioRRHH-srv",
      "isPublic" : false,
      "properties" : { },
      "parameters" : { },
      "propertiesMetadata" : {
        "metadata" : { }
      },
      "parametersMetadata" : {
        "metadata" : { }
      }
    } ],
    "propertiesMetadata" : {
      "metadata" : { }
    },
    "parametersMetadata" : {
      "metadata" : { }
    },
    "hooks" : [ ]
  }, {
    "majorSchemaVersion" : 3,
    "name" : "ServicioRRHH-db-deployer",
    "type" : "com.sap.xs.hdi",
    "path" : "ServicioRRHH-db-deployer",
    "properties" : {
      "EXIT" : 1
    },
    "parameters" : {
      "default-url" : "https://3c6c6e44trial-dev-serviciorrhh-db-deployer.cfapps.us10-001.hana.ondemand.com",
      "default-app-name" : "ServicioRRHH-db-deployer",
      "generated-password" : "********",
      "default-live-url" : "https://3c6c6e44trial-dev-serviciorrhh-db-deployer.cfapps.us10-001.hana.ondemand.com",
      "default-uri" : "3c6c6e44trial-dev-serviciorrhh-db-deployer.cfapps.us10-001.hana.ondemand.com",
      "memory" : "256M",
      "default-instances" : 1,
      "no-route" : true,
      "default-live-host" : "3c6c6e44trial-dev-serviciorrhh-db-deployer",
      "instances" : 1,
      "buildpack" : "nodejs_buildpack",
      "default-host" : "3c6c6e44trial-dev-serviciorrhh-db-deployer",
      "app-name" : "ServicioRRHH-db-deployer",
      "default-live-uri" : "3c6c6e44trial-dev-serviciorrhh-db-deployer.cfapps.us10-001.hana.ondemand.com",
      "protocol" : "https",
      "default-live-app-name" : "ServicioRRHH-db-deployer",
      "default-live-domain" : "cfapps.us10-001.hana.ondemand.com",
      "dependency-type" : "hard",
      "domain" : "cfapps.us10-001.hana.ondemand.com",
      "host" : "3c6c6e44trial-dev-serviciorrhh-db-deployer",
      "generated-user" : "********",
      "tasks" : [ {
        "command" : "npm start",
        "memory" : "256M",
        "name" : "deploy"
      } ],
      "no-start" : true
    },
    "requiredDependencies" : [ {
      "majorSchemaVersion" : 3,
      "name" : "ServicioRRHH-db",
      "properties" : { },
      "parameters" : { },
      "propertiesMetadata" : {
        "metadata" : { }
      },
      "parametersMetadata" : {
        "metadata" : { }
      }
    } ],
    "providedDependencies" : [ {
      "majorSchemaVersion" : 3,
      "name" : "ServicioRRHH-db-deployer",
      "isPublic" : false,
      "properties" : { },
      "parameters" : { },
      "propertiesMetadata" : {
        "metadata" : { }
      },
      "parametersMetadata" : {
        "metadata" : { }
      }
    } ],
    "propertiesMetadata" : {
      "metadata" : { }
    },
    "parametersMetadata" : {
      "metadata" : { }
    },
    "hooks" : [ ]
  } ],
  "resources" : [ {
    "majorSchemaVersion" : 3,
    "name" : "********",
    "type" : "org.cloudfoundry.managed-service",
    "properties" : { },
    "parameters" : {
      "generated-password" : "********",
      "path" : "./xs-security.json",
      "service-name" : "********",
      "service-plan" : "application",
      "service" : "xsuaa",
      "generated-user" : "********",
      "default-xsappname" : "********",
      "type" : "managed-service",
      "config" : {
        "oauth2-configuration" : "********",
        "tenant-mode" : "dedicated",
        "xsappname" : "ServicioRRHH-3c6c6e44trial-dev"
      },
      "default-service-name" : "********",
      "default-container-name" : "********"
    },
    "isActive" : true,
    "isOptional" : false,
    "propertiesMetadata" : {
      "metadata" : { }
    },
    "parametersMetadata" : {
      "metadata" : { }
    },
    "requiredDependencies" : [ ],
    "processedAfter" : [ ]
  }, {
    "majorSchemaVersion" : 3,
    "name" : "ServicioRRHH-db",
    "type" : "com.sap.xs.hdi-container",
    "properties" : { },
    "parameters" : {
      "generated-password" : "********",
      "service-name" : "ServicioRRHH-db",
      "service-plan" : "hdi-shared",
      "service" : "hana",
      "generated-user" : "********",
      "default-xsappname" : "ServicioRRHH-db",
      "type" : "managed-service",
      "default-service-name" : "ServicioRRHH-db",
      "default-container-name" : "3C6C6E44TRIAL_DEV_SERVICIORRHH_DB"
    },
    "isActive" : true,
    "isOptional" : false,
    "propertiesMetadata" : {
      "metadata" : { }
    },
    "parametersMetadata" : {
      "metadata" : { }
    },
    "requiredDependencies" : [ ],
    "processedAfter" : [ ]
  }, {
    "majorSchemaVersion" : 3,
    "name" : "ServicioRRHH-destination",
    "type" : "org.cloudfoundry.managed-service",
    "properties" : { },
    "parameters" : {
      "generated-password" : "********",
      "service-name" : "ServicioRRHH-destination",
      "service-plan" : "lite",
      "service" : "destination",
      "generated-user" : "********",
      "default-xsappname" : "ServicioRRHH-destination",
      "type" : "managed-service",
      "default-service-name" : "ServicioRRHH-destination",
      "default-container-name" : "3C6C6E44TRIAL_DEV_SERVICIORRHH_DESTINATION"
    },
    "isActive" : true,
    "isOptional" : false,
    "propertiesMetadata" : {
      "metadata" : { }
    },
    "parametersMetadata" : {
      "metadata" : { }
    },
    "requiredDependencies" : [ ],
    "processedAfter" : [ ]
  } ],
  "parameters" : {
    "mta-id" : "ServicioRRHH",
    "authorization-url" : "********",
    "org-guid" : "9970ab68-97ac-4675-997f-51feb339e9bf",
    "org" : "3c6c6e44trial",
    "deploy-target" : "3c6c6e44trial dev",
    "enable-parallel-deployments" : true,
    "region-primary-domain" : "us10.hana.ondemand.com",
    "space" : "dev",
    "region-domain" : "us10-001.hana.ondemand.com",
    "xs-api-url" : "https://api.cf.us10-001.hana.ondemand.com",
    "deploy-url" : "deploy-service.cfapps.us10-001.hana.ondemand.com",
    "xs-type" : "CF",
    "default-domain" : "cfapps.us10-001.hana.ondemand.com",
    "mta-version" : "1.0.0",
    "xs-auth-url" : "********",
    "space-guid" : "b8586e3c-3d35-44f1-bd0c-5ed01295d82b",
    "user" : "********",
    "controller-url" : "https://api.cf.us10-001.hana.ondemand.com",
    "timestamp" : "20260526095030"
  },
  "parametersMetadata" : {
    "metadata" : { }
  }
}#
#2026 05 26 09:50:51.219#Z#DEBUG#54eb74fc-58e8-11f1-a04b-eeee0a8789dc.OPERATION#flowable-async-job-executor-thread-1582#
[ProcessDescriptorStep] Merged descriptor properties and parameters resolved#
#2026 05 26 09:50:51.219#Z#DEBUG#54eb74fc-58e8-11f1-a04b-eeee0a8789dc.OPERATION#flowable-async-job-executor-thread-1582#
Step "Re-Process Descriptor Step" finished#
#2026 05 26 09:50:51.259#Z#DEBUG#54eb74fc-58e8-11f1-a04b-eeee0a8789dc.OPERATION#flowable-async-job-executor-thread-1582#
[BuildApplicationDeployModelStep] Executing task "buildApplicationDeployModelTask" of process "6125cc98-58e8-11f1-a98a-eeee0a8da251"...#
#2026 05 26 09:50:51.262#Z#DEBUG#54eb74fc-58e8-11f1-a04b-eeee0a8789dc.OPERATION#flowable-async-job-executor-thread-1582#
[BuildApplicationDeployModelStep] Building cloud deployment model for application "ServicioRRHH-db-deployer"...#
#2026 05 26 09:50:51.265#Z#DEBUG#54eb74fc-58e8-11f1-a04b-eeee0a8789dc.OPERATION#flowable-async-job-executor-thread-1582#
[BuildApplicationDeployModelStep] No health-check-type is specified. Setting default type: port#
#2026 05 26 09:50:51.265#Z#INFO#54eb74fc-58e8-11f1-a04b-eeee0a8789dc.OPERATION#flowable-async-job-executor-thread-1582#
[BuildApplicationDeployModelStep] Building configuration entries for org 3c6c6e44trial, space dev, spaceId b8586e3c-3d35-44f1-bd0c-5ed01295d82b and namespace null!#
#2026 05 26 09:50:51.266#Z#DEBUG#54eb74fc-58e8-11f1-a04b-eeee0a8789dc.OPERATION#flowable-async-job-executor-thread-1582#
[BuildApplicationDeployModelStep] Configuration entries to publish: [ ]#
#2026 05 26 09:50:51.266#Z#DEBUG#54eb74fc-58e8-11f1-a04b-eeee0a8789dc.OPERATION#flowable-async-job-executor-thread-1582#
[BuildApplicationDeployModelStep] Cloud deployment model for application built#
#2026 05 26 09:50:51.266#Z#DEBUG#54eb74fc-58e8-11f1-a04b-eeee0a8789dc.OPERATION#flowable-async-job-executor-thread-1582#
Step "Build Application Deploy Model" finished#
#2026 05 26 09:50:51.170#Z#DEBUG#54eb74fc-58e8-11f1-a04b-eeee0a8789dc.OPERATION#flowable-async-job-executor-thread-1589#
[CheckServiceBindingOperationStep] Executing task "checkForServiceBindingOperationInProgress" of process "612509b1-58e8-11f1-a98a-eeee0a8da251"...#
#2026 05 26 09:50:51.170#Z#DEBUG#54eb74fc-58e8-11f1-a04b-eeee0a8789dc.OPERATION#flowable-async-job-executor-thread-1589#
[CheckServiceBindingOperationStep] Checking for service binding operation in progress between app "ServicioRRHH-srv" and service instance "ServicioRRHH-db"#
#2026 05 26 09:50:51.174#Z#DEBUG#54eb74fc-58e8-11f1-a04b-eeee0a8789dc.OPERATION#flowable-async-job-executor-thread-1589#
[CheckServiceBindingOperationStep] Getting application guid "ServicioRRHH-srv"...#
#2026 05 26 09:50:51.220#Z#DEBUG#54eb74fc-58e8-11f1-a04b-eeee0a8789dc.OPERATION#flowable-async-job-executor-thread-1589#
[CheckServiceBindingOperationStep] Getting GUID of required service instance "ServicioRRHH-db"...#
#2026 05 26 09:50:51.245#Z#DEBUG#54eb74fc-58e8-11f1-a04b-eeee0a8789dc.OPERATION#flowable-async-job-executor-thread-1589#
[CheckServiceBindingOperationStep] Getting binding of service instance "60237ee1-2916-44ec-94a5-9fa426653783" with application "824b158a-2801-42d7-b810-dd55c374775b"...#
#2026 05 26 09:50:51.275#Z#DEBUG#54eb74fc-58e8-11f1-a04b-eeee0a8789dc.OPERATION#flowable-async-job-executor-thread-1589#
Step "Check For Service Binding Operation In Progress" finished#
#2026 05 26 09:50:51.307#Z#DEBUG#54eb74fc-58e8-11f1-a04b-eeee0a8789dc.OPERATION#flowable-async-job-executor-thread-1589#
[DetermineApplicationServiceBindingActionsStep] Executing task "determineApplicationServiceBindingActionsTask" of process "612509b1-58e8-11f1-a98a-eeee0a8da251"...#
#2026 05 26 09:50:51.308#Z#DEBUG#54eb74fc-58e8-11f1-a04b-eeee0a8789dc.OPERATION#flowable-async-job-executor-thread-1589#
[DetermineApplicationServiceBindingActionsStep] Determine bind/unbind operations of application "ServicioRRHH-srv" to service instance "ServicioRRHH-db"#
#2026 05 26 09:50:51.308#Z#DEBUG#54eb74fc-58e8-11f1-a04b-eeee0a8789dc.OPERATION#flowable-async-job-executor-thread-1589#
[DetermineApplicationServiceBindingActionsStep] Getting application "ServicioRRHH-srv"...#
#2026 05 26 09:50:51.353#Z#DEBUG#54eb74fc-58e8-11f1-a04b-eeee0a8789dc.OPERATION#flowable-async-job-executor-thread-1589#
[DetermineApplicationServiceBindingActionsStep] Binding parameters for application "ServicioRRHH-srv": { }#
#2026 05 26 09:50:51.431#Z#DEBUG#54eb74fc-58e8-11f1-a04b-eeee0a8789dc.OPERATION#flowable-async-job-executor-thread-1589#
[DetermineApplicationServiceBindingActionsStep] Calculated binding operations between application "ServicioRRHH-srv" and service instance "ServicioRRHH-db": unbind - false bind - true#
#2026 05 26 09:50:51.431#Z#DEBUG#54eb74fc-58e8-11f1-a04b-eeee0a8789dc.OPERATION#flowable-async-job-executor-thread-1589#
Step "Determine Application Service Binding Actions" finished#
#2026 05 26 09:50:51.310#Z#DEBUG#54eb74fc-58e8-11f1-a04b-eeee0a8789dc.OPERATION#flowable-async-job-executor-thread-1582#
[CreateOrUpdateAppStep] Executing task "createAppTask" of process "6125cc98-58e8-11f1-a98a-eeee0a8da251"...#
#2026 05 26 09:50:51.312#Z#DEBUG#54eb74fc-58e8-11f1-a04b-eeee0a8789dc.OPERATION#flowable-async-job-executor-thread-1582#
[CreateOrUpdateAppStep] Getting application "ServicioRRHH-db-deployer"...#
#2026 05 26 09:50:51.346#Z#INFO#54eb74fc-58e8-11f1-a04b-eeee0a8789dc.OPERATION#flowable-async-job-executor-thread-1582#
[CreateOrUpdateAppStep] Creating application "ServicioRRHH-db-deployer" from MTA module "ServicioRRHH-db-deployer"...#
#2026 05 26 09:50:51.352#Z#DEBUG#54eb74fc-58e8-11f1-a04b-eeee0a8789dc.OPERATION#flowable-async-job-executor-thread-1582#
[CreateOrUpdateAppStep] Creating application "ServicioRRHH-db-deployer" with disk "null" memory "256", URIs "" and staging: "{
  "buildpacks" : [ "nodejs_buildpack" ],
  "healthCheckType" : "port",
  "appFeatures" : { }
}"#
#2026 05 26 09:50:51.583#Z#DEBUG#54eb74fc-58e8-11f1-a04b-eeee0a8789dc.OPERATION#flowable-async-job-executor-thread-1582#
[CreateOrUpdateAppStep] Application "ServicioRRHH-db-deployer" created#
#2026 05 26 09:50:51.583#Z#DEBUG#54eb74fc-58e8-11f1-a04b-eeee0a8789dc.OPERATION#flowable-async-job-executor-thread-1582#
Step "Create App" finished#
#2026 05 26 09:50:51.467#Z#DEBUG#54eb74fc-58e8-11f1-a04b-eeee0a8789dc.OPERATION#flowable-async-job-executor-thread-1589#
[BindServiceToApplicationStep] Executing task "bindServiceToApplicationTask" of process "612509b1-58e8-11f1-a98a-eeee0a8da251"...#
#2026 05 26 09:50:51.469#Z#INFO#54eb74fc-58e8-11f1-a04b-eeee0a8789dc.OPERATION#flowable-async-job-executor-thread-1589#
[BindServiceToApplicationStep] Binding service instance "ServicioRRHH-db" to application "ServicioRRHH-srv"...#
#2026 05 26 09:50:51.476#Z#DEBUG#54eb74fc-58e8-11f1-a04b-eeee0a8789dc.OPERATION#flowable-async-job-executor-thread-1589#
[BindServiceToApplicationStep] Binding service instance "ServicioRRHH-db" to application "ServicioRRHH-srv" with parameters: { }#
#2026 05 26 09:50:51.602#Z#DEBUG#54eb74fc-58e8-11f1-a04b-eeee0a8789dc.OPERATION#flowable-async-job-executor-thread-1589#
Step "Bind Service to Application" finished#
#2026 05 26 09:50:51.686#Z#DEBUG#54eb74fc-58e8-11f1-a04b-eeee0a8789dc.OPERATION#flowable-async-job-executor-thread-1582#
[CheckServiceBindingOperationStep] Executing task "checkForServiceBindingOperationInProgress" of process "617c0311-58e8-11f1-a98a-eeee0a8da251"...#
#2026 05 26 09:50:51.687#Z#DEBUG#54eb74fc-58e8-11f1-a04b-eeee0a8789dc.OPERATION#flowable-async-job-executor-thread-1582#
[CheckServiceBindingOperationStep] Checking for service binding operation in progress between app "ServicioRRHH-db-deployer" and service instance "ServicioRRHH-db"#
#2026 05 26 09:50:51.687#Z#DEBUG#54eb74fc-58e8-11f1-a04b-eeee0a8789dc.OPERATION#flowable-async-job-executor-thread-1582#
[CheckServiceBindingOperationStep] Getting application guid "ServicioRRHH-db-deployer"...#
#2026 05 26 09:50:51.728#Z#DEBUG#54eb74fc-58e8-11f1-a04b-eeee0a8789dc.OPERATION#flowable-async-job-executor-thread-1582#
[CheckServiceBindingOperationStep] Getting GUID of required service instance "ServicioRRHH-db"...#
#2026 05 26 09:50:51.758#Z#DEBUG#54eb74fc-58e8-11f1-a04b-eeee0a8789dc.OPERATION#flowable-async-job-executor-thread-1582#
[CheckServiceBindingOperationStep] Getting binding of service instance "60237ee1-2916-44ec-94a5-9fa426653783" with application "7a593235-4373-46e3-884a-87fc551daff3"...#
#2026 05 26 09:50:51.784#Z#DEBUG#54eb74fc-58e8-11f1-a04b-eeee0a8789dc.OPERATION#flowable-async-job-executor-thread-1582#
Step "Check For Service Binding Operation In Progress" finished#
#2026 05 26 09:50:51.816#Z#DEBUG#54eb74fc-58e8-11f1-a04b-eeee0a8789dc.OPERATION#flowable-async-job-executor-thread-1582#
[DetermineApplicationServiceBindingActionsStep] Executing task "determineApplicationServiceBindingActionsTask" of process "617c0311-58e8-11f1-a98a-eeee0a8da251"...#
#2026 05 26 09:50:51.818#Z#DEBUG#54eb74fc-58e8-11f1-a04b-eeee0a8789dc.OPERATION#flowable-async-job-executor-thread-1582#
[DetermineApplicationServiceBindingActionsStep] Determine bind/unbind operations of application "ServicioRRHH-db-deployer" to service instance "ServicioRRHH-db"#
#2026 05 26 09:50:51.818#Z#DEBUG#54eb74fc-58e8-11f1-a04b-eeee0a8789dc.OPERATION#flowable-async-job-executor-thread-1582#
[DetermineApplicationServiceBindingActionsStep] Getting application "ServicioRRHH-db-deployer"...#
#2026 05 26 09:50:51.866#Z#DEBUG#54eb74fc-58e8-11f1-a04b-eeee0a8789dc.OPERATION#flowable-async-job-executor-thread-1582#
[DetermineApplicationServiceBindingActionsStep] Binding parameters for application "ServicioRRHH-db-deployer": { }#
#2026 05 26 09:50:51.889#Z#DEBUG#54eb74fc-58e8-11f1-a04b-eeee0a8789dc.OPERATION#flowable-async-job-executor-thread-1582#
[DetermineApplicationServiceBindingActionsStep] Calculated binding operations between application "ServicioRRHH-db-deployer" and service instance "ServicioRRHH-db": unbind - false bind - true#
#2026 05 26 09:50:51.889#Z#DEBUG#54eb74fc-58e8-11f1-a04b-eeee0a8789dc.OPERATION#flowable-async-job-executor-thread-1582#
Step "Determine Application Service Binding Actions" finished#
#2026 05 26 09:50:51.930#Z#DEBUG#54eb74fc-58e8-11f1-a04b-eeee0a8789dc.OPERATION#flowable-async-job-executor-thread-1582#
[BindServiceToApplicationStep] Executing task "bindServiceToApplicationTask" of process "617c0311-58e8-11f1-a98a-eeee0a8da251"...#
#2026 05 26 09:50:51.931#Z#INFO#54eb74fc-58e8-11f1-a04b-eeee0a8789dc.OPERATION#flowable-async-job-executor-thread-1582#
[BindServiceToApplicationStep] Binding service instance "ServicioRRHH-db" to application "ServicioRRHH-db-deployer"...#
#2026 05 26 09:50:51.938#Z#DEBUG#54eb74fc-58e8-11f1-a04b-eeee0a8789dc.OPERATION#flowable-async-job-executor-thread-1582#
[BindServiceToApplicationStep] Binding service instance "ServicioRRHH-db" to application "ServicioRRHH-db-deployer" with parameters: { }#
#2026 05 26 09:50:52.068#Z#DEBUG#54eb74fc-58e8-11f1-a04b-eeee0a8789dc.OPERATION#flowable-async-job-executor-thread-1582#
Step "Bind Service to Application" finished#
#2026 05 26 09:50:54.072#Z#DEBUG#54eb74fc-58e8-11f1-a04b-eeee0a8789dc.OPERATION#flowable-async-job-executor-thread-1374#
[CheckServiceBindingOperationStep] Executing task "checkForServiceBindingOperationInProgress" of process "62e8161f-58e8-11f1-adfe-eeee0a8d3202"...#
#2026 05 26 09:50:54.073#Z#DEBUG#54eb74fc-58e8-11f1-a04b-eeee0a8789dc.OPERATION#flowable-async-job-executor-thread-1374#
[CheckServiceBindingOperationStep] Checking for service binding operation in progress between app "ServicioRRHH-srv" and service instance "ServicioRRHH-destination"#
#2026 05 26 09:50:54.129#Z#DEBUG#54eb74fc-58e8-11f1-a04b-eeee0a8789dc.OPERATION#flowable-async-job-executor-thread-1374#
[CheckServiceBindingOperationStep] Getting application guid "ServicioRRHH-srv"...#
#2026 05 26 09:50:54.181#Z#DEBUG#54eb74fc-58e8-11f1-a04b-eeee0a8789dc.OPERATION#flowable-async-job-executor-thread-1374#
[CheckServiceBindingOperationStep] Getting GUID of required service instance "ServicioRRHH-destination"...#
#2026 05 26 09:50:54.221#Z#DEBUG#54eb74fc-58e8-11f1-a04b-eeee0a8789dc.OPERATION#flowable-async-job-executor-thread-1374#
[CheckServiceBindingOperationStep] Getting binding of service instance "11abbe2e-58b7-4748-95e8-66755902a127" with application "824b158a-2801-42d7-b810-dd55c374775b"...#
#2026 05 26 09:50:54.248#Z#DEBUG#54eb74fc-58e8-11f1-a04b-eeee0a8789dc.OPERATION#flowable-async-job-executor-thread-1374#
Step "Check For Service Binding Operation In Progress" finished#
#2026 05 26 09:50:54.292#Z#DEBUG#54eb74fc-58e8-11f1-a04b-eeee0a8789dc.OPERATION#flowable-async-job-executor-thread-1377#
[DetermineApplicationServiceBindingActionsStep] Executing task "determineApplicationServiceBindingActionsTask" of process "62e8161f-58e8-11f1-adfe-eeee0a8d3202"...#
#2026 05 26 09:50:54.295#Z#DEBUG#54eb74fc-58e8-11f1-a04b-eeee0a8789dc.OPERATION#flowable-async-job-executor-thread-1377#
[DetermineApplicationServiceBindingActionsStep] Determine bind/unbind operations of application "ServicioRRHH-srv" to service instance "ServicioRRHH-destination"#
#2026 05 26 09:50:54.295#Z#DEBUG#54eb74fc-58e8-11f1-a04b-eeee0a8789dc.OPERATION#flowable-async-job-executor-thread-1377#
[DetermineApplicationServiceBindingActionsStep] Getting application "ServicioRRHH-srv"...#
#2026 05 26 09:50:54.344#Z#DEBUG#54eb74fc-58e8-11f1-a04b-eeee0a8789dc.OPERATION#flowable-async-job-executor-thread-1377#
[DetermineApplicationServiceBindingActionsStep] Binding parameters for application "ServicioRRHH-srv": { }#
#2026 05 26 09:50:54.378#Z#DEBUG#54eb74fc-58e8-11f1-a04b-eeee0a8789dc.OPERATION#flowable-async-job-executor-thread-1377#
[DetermineApplicationServiceBindingActionsStep] Calculated binding operations between application "ServicioRRHH-srv" and service instance "ServicioRRHH-destination": unbind - false bind - true#
#2026 05 26 09:50:54.379#Z#DEBUG#54eb74fc-58e8-11f1-a04b-eeee0a8789dc.OPERATION#flowable-async-job-executor-thread-1377#
Step "Determine Application Service Binding Actions" finished#
#2026 05 26 09:50:54.433#Z#DEBUG#54eb74fc-58e8-11f1-a04b-eeee0a8789dc.OPERATION#flowable-async-job-executor-thread-1378#
[BindServiceToApplicationStep] Executing task "bindServiceToApplicationTask" of process "62e8161f-58e8-11f1-adfe-eeee0a8d3202"...#
#2026 05 26 09:50:54.436#Z#INFO#54eb74fc-58e8-11f1-a04b-eeee0a8789dc.OPERATION#flowable-async-job-executor-thread-1378#
[BindServiceToApplicationStep] Binding service instance "ServicioRRHH-destination" to application "ServicioRRHH-srv"...#
#2026 05 26 09:50:54.445#Z#DEBUG#54eb74fc-58e8-11f1-a04b-eeee0a8789dc.OPERATION#flowable-async-job-executor-thread-1378#
[BindServiceToApplicationStep] Binding service instance "ServicioRRHH-destination" to application "ServicioRRHH-srv" with parameters: { }#
#2026 05 26 09:50:54.568#Z#DEBUG#54eb74fc-58e8-11f1-a04b-eeee0a8789dc.OPERATION#flowable-async-job-executor-thread-1378#
Step "Bind Service to Application" finished#
#2026 05 26 09:50:58.687#Z#DEBUG#54eb74fc-58e8-11f1-a04b-eeee0a8789dc.OPERATION#flowable-async-job-executor-thread-1372#
[BindServiceToApplicationStep] Executing task "bindServiceToApplicationTask" of process "612509b1-58e8-11f1-a98a-eeee0a8da251"...#
#2026 05 26 09:50:58.690#Z#DEBUG#54eb74fc-58e8-11f1-a04b-eeee0a8789dc.OPERATION#flowable-async-job-executor-thread-1372#
[BindServiceToApplicationStep] Getting async job "bbfd5695-4de9-4ec7-872a-f75beeef0a91"#
#2026 05 26 09:50:58.722#Z#DEBUG#54eb74fc-58e8-11f1-a04b-eeee0a8789dc.OPERATION#flowable-async-job-executor-thread-1372#
[BindServiceToApplicationStep] Getting service instance "ServicioRRHH-db"...#
#2026 05 26 09:50:58.812#Z#DEBUG#54eb74fc-58e8-11f1-a04b-eeee0a8789dc.OPERATION#flowable-async-job-executor-thread-1372#
[BindServiceToApplicationStep] Async service binding operation with id "bbfd5695-4de9-4ec7-872a-f75beeef0a91" finished#
#2026 05 26 09:50:58.814#Z#DEBUG#54eb74fc-58e8-11f1-a04b-eeee0a8789dc.OPERATION#flowable-async-job-executor-thread-1372#
Step "Bind Service to Application" finished#
#2026 05 26 09:50:58.724#Z#DEBUG#54eb74fc-58e8-11f1-a04b-eeee0a8789dc.OPERATION#flowable-async-job-executor-thread-1597#
[BindServiceToApplicationStep] Executing task "bindServiceToApplicationTask" of process "617c0311-58e8-11f1-a98a-eeee0a8da251"...#
#2026 05 26 09:50:58.727#Z#DEBUG#54eb74fc-58e8-11f1-a04b-eeee0a8789dc.OPERATION#flowable-async-job-executor-thread-1597#
[BindServiceToApplicationStep] Getting async job "0c85c794-55ff-4a0b-b7f5-b7308b91e06a"#
#2026 05 26 09:50:58.758#Z#DEBUG#54eb74fc-58e8-11f1-a04b-eeee0a8789dc.OPERATION#flowable-async-job-executor-thread-1596#
[BindServiceToApplicationStep] Executing task "bindServiceToApplicationTask" of process "606d7961-58e8-11f1-a04b-eeee0a8789dc"...#
#2026 05 26 09:50:58.759#Z#DEBUG#54eb74fc-58e8-11f1-a04b-eeee0a8789dc.OPERATION#flowable-async-job-executor-thread-1597#
[BindServiceToApplicationStep] Getting service instance "ServicioRRHH-db"...#
#2026 05 26 09:50:58.761#Z#DEBUG#54eb74fc-58e8-11f1-a04b-eeee0a8789dc.OPERATION#flowable-async-job-executor-thread-1596#
[BindServiceToApplicationStep] Getting async job "bbe26851-ecb8-466c-ba37-fceaec78f07c"#
#2026 05 26 09:50:58.790#Z#DEBUG#54eb74fc-58e8-11f1-a04b-eeee0a8789dc.OPERATION#flowable-async-job-executor-thread-1596#
[BindServiceToApplicationStep] Getting service instance "ServicioRRHH-auth"...#
#2026 05 26 09:50:58.861#Z#DEBUG#54eb74fc-58e8-11f1-a04b-eeee0a8789dc.OPERATION#flowable-async-job-executor-thread-1597#
[BindServiceToApplicationStep] Async service binding operation with id "0c85c794-55ff-4a0b-b7f5-b7308b91e06a" finished#
#2026 05 26 09:50:58.863#Z#DEBUG#54eb74fc-58e8-11f1-a04b-eeee0a8789dc.OPERATION#flowable-async-job-executor-thread-1597#
Step "Bind Service to Application" finished#
#2026 05 26 09:50:58.901#Z#DEBUG#54eb74fc-58e8-11f1-a04b-eeee0a8789dc.OPERATION#flowable-async-job-executor-thread-1596#
[BindServiceToApplicationStep] Async service binding operation with id "bbe26851-ecb8-466c-ba37-fceaec78f07c" finished#
#2026 05 26 09:50:58.903#Z#DEBUG#54eb74fc-58e8-11f1-a04b-eeee0a8789dc.OPERATION#flowable-async-job-executor-thread-1596#
Step "Bind Service to Application" finished#
#2026 05 26 09:50:59.022#Z#DEBUG#54eb74fc-58e8-11f1-a04b-eeee0a8789dc.OPERATION#flowable-async-job-executor-thread-1597#
[DetermineVcapServicesPropertiesChangedStep] Executing task "determineVcapServicesPropertiesChangedTask" of process "65db1791-58e8-11f1-a98a-eeee0a8da251"...#
#2026 05 26 09:50:59.024#Z#DEBUG#54eb74fc-58e8-11f1-a04b-eeee0a8789dc.OPERATION#flowable-async-job-executor-thread-1597#
[DetermineVcapServicesPropertiesChangedStep] VCAP_SERVICES properties for application "ServicioRRHH-db-deployer" changed: true#
#2026 05 26 09:50:59.024#Z#DEBUG#54eb74fc-58e8-11f1-a04b-eeee0a8789dc.OPERATION#flowable-async-job-executor-thread-1597#
Step "Determine vcap services properties changed" finished#
#2026 05 26 09:50:59.058#Z#DEBUG#54eb74fc-58e8-11f1-a04b-eeee0a8789dc.OPERATION#flowable-async-job-executor-thread-1597#
[UploadAppStep] Executing task "uploadAppTask" of process "65db1791-58e8-11f1-a98a-eeee0a8da251"...#
#2026 05 26 09:50:59.059#Z#DEBUG#54eb74fc-58e8-11f1-a04b-eeee0a8789dc.OPERATION#flowable-async-job-executor-thread-1597#
[UploadAppStep] Application upload timeout is default one: 3,600 seconds#
#2026 05 26 09:50:59.059#Z#INFO#54eb74fc-58e8-11f1-a04b-eeee0a8789dc.OPERATION#flowable-async-job-executor-thread-1597#
[UploadAppStep] Uploading application "ServicioRRHH-db-deployer"...#
#2026 05 26 09:50:59.066#Z#DEBUG#54eb74fc-58e8-11f1-a04b-eeee0a8789dc.OPERATION#flowable-async-job-executor-thread-1597#
[UploadAppStep] Getting application "ServicioRRHH-db-deployer"...#
#2026 05 26 09:50:59.110#Z#DEBUG#54eb74fc-58e8-11f1-a04b-eeee0a8789dc.OPERATION#flowable-async-job-executor-thread-1597#
[UploadAppStep] Getting environment of application "7a593235-4373-46e3-884a-87fc551daff3"...#
#2026 05 26 09:50:59.144#Z#INFO#54eb74fc-58e8-11f1-a04b-eeee0a8789dc.OPERATION#flowable-async-job-executor-thread-1597#
[UploadAppStep] Calculating application digest: "ServicioRRHH-db-deployer"#
#2026 05 26 09:50:59.192#Z#DEBUG#54eb74fc-58e8-11f1-a04b-eeee0a8789dc.OPERATION#flowable-async-job-executor-thread-1597#
Step "Upload App" finished#
#2026 05 26 09:51:08.810#Z#DEBUG#54eb74fc-58e8-11f1-a04b-eeee0a8789dc.OPERATION#flowable-async-job-executor-thread-1664#
[BindServiceToApplicationStep] Executing task "bindServiceToApplicationTask" of process "62e8161f-58e8-11f1-adfe-eeee0a8d3202"...#
#2026 05 26 09:51:08.812#Z#DEBUG#54eb74fc-58e8-11f1-a04b-eeee0a8789dc.OPERATION#flowable-async-job-executor-thread-1664#
[BindServiceToApplicationStep] Getting async job "bf910f42-5d3b-492e-a5fe-ba434ce5263d"#
#2026 05 26 09:51:08.844#Z#DEBUG#54eb74fc-58e8-11f1-a04b-eeee0a8789dc.OPERATION#flowable-async-job-executor-thread-1664#
[BindServiceToApplicationStep] Getting service instance "ServicioRRHH-destination"...#
#2026 05 26 09:51:08.942#Z#DEBUG#54eb74fc-58e8-11f1-a04b-eeee0a8789dc.OPERATION#flowable-async-job-executor-thread-1664#
[BindServiceToApplicationStep] Async service binding operation with id "bf910f42-5d3b-492e-a5fe-ba434ce5263d" finished#
#2026 05 26 09:51:08.943#Z#DEBUG#54eb74fc-58e8-11f1-a04b-eeee0a8789dc.OPERATION#flowable-async-job-executor-thread-1664#
Step "Bind Service to Application" finished#
#2026 05 26 09:51:09.106#Z#DEBUG#54eb74fc-58e8-11f1-a04b-eeee0a8789dc.OPERATION#flowable-async-job-executor-thread-1664#
[DetermineVcapServicesPropertiesChangedStep] Executing task "determineVcapServicesPropertiesChangedTask" of process "6bd9360b-58e8-11f1-a04b-eeee0a8789dc"...#
#2026 05 26 09:51:09.107#Z#DEBUG#54eb74fc-58e8-11f1-a04b-eeee0a8789dc.OPERATION#flowable-async-job-executor-thread-1664#
[DetermineVcapServicesPropertiesChangedStep] VCAP_SERVICES properties for application "ServicioRRHH-srv" changed: true#
#2026 05 26 09:51:09.107#Z#DEBUG#54eb74fc-58e8-11f1-a04b-eeee0a8789dc.OPERATION#flowable-async-job-executor-thread-1664#
Step "Determine vcap services properties changed" finished#
#2026 05 26 09:51:08.861#Z#DEBUG#54eb74fc-58e8-11f1-a04b-eeee0a8789dc.OPERATION#flowable-async-job-executor-thread-1665#
[UploadAppStep] Executing task "uploadAppTask" of process "65db1791-58e8-11f1-a98a-eeee0a8da251"...#
#2026 05 26 09:51:08.862#Z#DEBUG#54eb74fc-58e8-11f1-a04b-eeee0a8789dc.OPERATION#flowable-async-job-executor-thread-1665#
[UploadAppStep] Application upload timeout is default one: 3,600 seconds#
#2026 05 26 09:51:08.864#Z#DEBUG#54eb74fc-58e8-11f1-a04b-eeee0a8789dc.OPERATION#pool-21-thread-6#
[UploadAppStep] Upload of application: ServicioRRHH-db-deployer started on instance: 0#
#2026 05 26 09:51:08.864#Z#DEBUG#54eb74fc-58e8-11f1-a04b-eeee0a8789dc.OPERATION#pool-21-thread-6#
[UploadAppStep] Uploading file "ServicioRRHH-db-deployer/data.zip" for application "ServicioRRHH-db-deployer"#
#2026 05 26 09:51:08.946#Z#INFO#54eb74fc-58e8-11f1-a04b-eeee0a8789dc.OPERATION#pool-21-thread-6#
[UploadAppStep] Time elapsed for app binary download: 81 in millis#
#2026 05 26 09:51:08.946#Z#INFO#54eb74fc-58e8-11f1-a04b-eeee0a8789dc.OPERATION#pool-21-thread-6#
[UploadAppStep] Size of app ServicioRRHH-db-deployer is 2,425,950 bytes#
#2026 05 26 09:51:08.946#Z#DEBUG#54eb74fc-58e8-11f1-a04b-eeee0a8789dc.OPERATION#pool-21-thread-6#
[UploadAppStep] Asynchronously uploading binaries for application "ServicioRRHH-db-deployer"...#
#2026 05 26 09:51:09.145#Z#DEBUG#54eb74fc-58e8-11f1-a04b-eeee0a8789dc.OPERATION#flowable-async-job-executor-thread-1664#
[UploadAppStep] Executing task "uploadAppTask" of process "6bd9360b-58e8-11f1-a04b-eeee0a8789dc"...#
#2026 05 26 09:51:09.146#Z#DEBUG#54eb74fc-58e8-11f1-a04b-eeee0a8789dc.OPERATION#flowable-async-job-executor-thread-1664#
[UploadAppStep] Application upload timeout is default one: 3,600 seconds#
#2026 05 26 09:51:09.146#Z#INFO#54eb74fc-58e8-11f1-a04b-eeee0a8789dc.OPERATION#flowable-async-job-executor-thread-1664#
[UploadAppStep] Uploading application "ServicioRRHH-srv"...#
#2026 05 26 09:51:09.150#Z#DEBUG#54eb74fc-58e8-11f1-a04b-eeee0a8789dc.OPERATION#flowable-async-job-executor-thread-1664#
[UploadAppStep] Getting application "ServicioRRHH-srv"...#
#2026 05 26 09:51:09.157#Z#INFO#54eb74fc-58e8-11f1-a04b-eeee0a8789dc.OPERATION#pool-21-thread-6#
[UploadAppStep] Started async upload of application "ServicioRRHH-db-deployer"#
#2026 05 26 09:51:09.163#Z#INFO#54eb74fc-58e8-11f1-a04b-eeee0a8789dc.OPERATION#flowable-async-job-executor-thread-1665#
[UploadAppStep] Time elapsed for upload: 300 in millis#
#2026 05 26 09:51:09.163#Z#DEBUG#54eb74fc-58e8-11f1-a04b-eeee0a8789dc.OPERATION#flowable-async-job-executor-thread-1665#
[UploadAppStep] Getting application "ServicioRRHH-db-deployer"...#
#2026 05 26 09:51:09.193#Z#DEBUG#54eb74fc-58e8-11f1-a04b-eeee0a8789dc.OPERATION#App upload monitor: 9148475d-eac4-425f-b39e-a2c26037a37b#
[UploadAppStep] Upload status: PROCESSING_UPLOAD#
#2026 05 26 09:51:09.195#Z#DEBUG#54eb74fc-58e8-11f1-a04b-eeee0a8789dc.OPERATION#flowable-async-job-executor-thread-1664#
[UploadAppStep] Getting environment of application "824b158a-2801-42d7-b810-dd55c374775b"...#
#2026 05 26 09:51:09.209#Z#DEBUG#54eb74fc-58e8-11f1-a04b-eeee0a8789dc.OPERATION#flowable-async-job-executor-thread-1665#
[UploadAppStep] Getting environment of application "7a593235-4373-46e3-884a-87fc551daff3"...#
#2026 05 26 09:51:09.238#Z#INFO#54eb74fc-58e8-11f1-a04b-eeee0a8789dc.OPERATION#flowable-async-job-executor-thread-1664#
[UploadAppStep] Calculating application digest: "ServicioRRHH-srv"#
#2026 05 26 09:51:09.254#Z#DEBUG#54eb74fc-58e8-11f1-a04b-eeee0a8789dc.OPERATION#flowable-async-job-executor-thread-1665#
[UploadAppStep] Updating environment of application "ServicioRRHH-db-deployer"#
#2026 05 26 09:51:09.294#Z#DEBUG#54eb74fc-58e8-11f1-a04b-eeee0a8789dc.OPERATION#flowable-async-job-executor-thread-1664#
Step "Upload App" finished#
#2026 05 26 09:51:09.350#Z#DEBUG#54eb74fc-58e8-11f1-a04b-eeee0a8789dc.OPERATION#flowable-async-job-executor-thread-1665#
Step "Upload App" finished#
#2026 05 26 09:51:14.221#Z#DEBUG#54eb74fc-58e8-11f1-a04b-eeee0a8789dc.OPERATION#App upload monitor: 9148475d-eac4-425f-b39e-a2c26037a37b#
[UploadAppStep] Upload status: READY#
#2026 05 26 09:51:18.919#Z#DEBUG#54eb74fc-58e8-11f1-a04b-eeee0a8789dc.OPERATION#flowable-async-job-executor-thread-1668#
[UploadAppStep] Executing task "uploadAppTask" of process "6bd9360b-58e8-11f1-a04b-eeee0a8789dc"...#
#2026 05 26 09:51:18.921#Z#DEBUG#54eb74fc-58e8-11f1-a04b-eeee0a8789dc.OPERATION#flowable-async-job-executor-thread-1668#
[UploadAppStep] Application upload timeout is default one: 3,600 seconds#
#2026 05 26 09:51:18.923#Z#DEBUG#54eb74fc-58e8-11f1-a04b-eeee0a8789dc.OPERATION#pool-21-thread-6#
[UploadAppStep] Upload of application: ServicioRRHH-srv started on instance: 0#
#2026 05 26 09:51:18.923#Z#DEBUG#54eb74fc-58e8-11f1-a04b-eeee0a8789dc.OPERATION#pool-21-thread-6#
[UploadAppStep] Uploading file "ServicioRRHH-srv/data.zip" for application "ServicioRRHH-srv"#
#2026 05 26 09:51:18.933#Z#DEBUG#54eb74fc-58e8-11f1-a04b-eeee0a8789dc.OPERATION#flowable-async-job-executor-thread-1670#
[UploadAppStep] Executing task "uploadAppTask" of process "65db1791-58e8-11f1-a98a-eeee0a8da251"...#
#2026 05 26 09:51:18.934#Z#DEBUG#54eb74fc-58e8-11f1-a04b-eeee0a8789dc.OPERATION#flowable-async-job-executor-thread-1670#
[UploadAppStep] Application upload timeout is default one: 3,600 seconds#
#2026 05 26 09:51:18.934#Z#DEBUG#54eb74fc-58e8-11f1-a04b-eeee0a8789dc.OPERATION#flowable-async-job-executor-thread-1670#
[UploadAppStep] Checking upload status of application "ServicioRRHH-db-deployer"...#
#2026 05 26 09:51:18.935#Z#DEBUG#54eb74fc-58e8-11f1-a04b-eeee0a8789dc.OPERATION#flowable-async-job-executor-thread-1670#
[UploadAppStep] Getting package "9148475d-eac4-425f-b39e-a2c26037a37b"...#
#2026 05 26 09:51:18.959#Z#DEBUG#54eb74fc-58e8-11f1-a04b-eeee0a8789dc.OPERATION#flowable-async-job-executor-thread-1670#
[UploadAppStep] Application "ServicioRRHH-db-deployer" uploaded#
#2026 05 26 09:51:18.965#Z#DEBUG#54eb74fc-58e8-11f1-a04b-eeee0a8789dc.OPERATION#flowable-async-job-executor-thread-1670#
Step "Upload App" finished#
#2026 05 26 09:51:19.005#Z#DEBUG#54eb74fc-58e8-11f1-a04b-eeee0a8789dc.OPERATION#flowable-async-job-executor-thread-1670#
[ScaleAppStep] Executing task "scaleAppTask" of process "65db1791-58e8-11f1-a98a-eeee0a8da251"...#
#2026 05 26 09:51:19.006#Z#DEBUG#54eb74fc-58e8-11f1-a04b-eeee0a8789dc.OPERATION#flowable-async-job-executor-thread-1670#
[ScaleAppStep] Scaling application "ServicioRRHH-db-deployer"...#
#2026 05 26 09:51:19.006#Z#DEBUG#54eb74fc-58e8-11f1-a04b-eeee0a8789dc.OPERATION#flowable-async-job-executor-thread-1670#
[ScaleAppStep] Application "ServicioRRHH-db-deployer" scaled#
#2026 05 26 09:51:19.006#Z#DEBUG#54eb74fc-58e8-11f1-a04b-eeee0a8789dc.OPERATION#flowable-async-job-executor-thread-1670#
Step "Scale App" finished#
#2026 05 26 09:51:19.033#Z#DEBUG#54eb74fc-58e8-11f1-a04b-eeee0a8789dc.OPERATION#flowable-async-job-executor-thread-1670#
[DetermineDesiredStateAchievingActionsStep] Executing task "determineDesiredStateAchievingActionsTask" of process "65db1791-58e8-11f1-a98a-eeee0a8da251"...#
#2026 05 26 09:51:19.034#Z#DEBUG#54eb74fc-58e8-11f1-a04b-eeee0a8789dc.OPERATION#flowable-async-job-executor-thread-1670#
[DetermineDesiredStateAchievingActionsStep] Getting application "ServicioRRHH-db-deployer"...#
#2026 05 26 09:51:19.080#Z#DEBUG#54eb74fc-58e8-11f1-a04b-eeee0a8789dc.OPERATION#flowable-async-job-executor-thread-1670#
[DetermineDesiredStateAchievingActionsStep] Getting instances for application "ServicioRRHH-db-deployer"...#
#2026 05 26 09:51:19.081#Z#DEBUG#54eb74fc-58e8-11f1-a04b-eeee0a8789dc.OPERATION#flowable-async-job-executor-thread-1670#
[DetermineDesiredStateAchievingActionsStep] Getting environment of application "7a593235-4373-46e3-884a-87fc551daff3"...#
#2026 05 26 09:51:19.114#Z#DEBUG#54eb74fc-58e8-11f1-a04b-eeee0a8789dc.OPERATION#flowable-async-job-executor-thread-1670#
[DetermineDesiredStateAchievingActionsStep] Current state of application ServicioRRHH-db-deployer: STOPPED#
#2026 05 26 09:51:19.115#Z#DEBUG#54eb74fc-58e8-11f1-a04b-eeee0a8789dc.OPERATION#flowable-async-job-executor-thread-1670#
[DetermineDesiredStateAchievingActionsStep] Desired state of application ServicioRRHH-db-deployer: STOPPED#
#2026 05 26 09:51:19.115#Z#DEBUG#54eb74fc-58e8-11f1-a04b-eeee0a8789dc.OPERATION#flowable-async-job-executor-thread-1670#
[DetermineDesiredStateAchievingActionsStep] Actions that should be executed on application ServicioRRHH-db-deployer: [STAGE]#
#2026 05 26 09:51:19.115#Z#DEBUG#54eb74fc-58e8-11f1-a04b-eeee0a8789dc.OPERATION#flowable-async-job-executor-thread-1670#
Step "Determine Desired State Achieving Actions" finished#
#2026 05 26 09:51:18.975#Z#INFO#54eb74fc-58e8-11f1-a04b-eeee0a8789dc.OPERATION#pool-21-thread-6#
[UploadAppStep] Time elapsed for app binary download: 52 in millis#
#2026 05 26 09:51:18.975#Z#INFO#54eb74fc-58e8-11f1-a04b-eeee0a8789dc.OPERATION#pool-21-thread-6#
[UploadAppStep] Size of app ServicioRRHH-srv is 3,789,381 bytes#
#2026 05 26 09:51:18.975#Z#DEBUG#54eb74fc-58e8-11f1-a04b-eeee0a8789dc.OPERATION#pool-21-thread-6#
[UploadAppStep] Asynchronously uploading binaries for application "ServicioRRHH-srv"...#
#2026 05 26 09:51:19.228#Z#INFO#54eb74fc-58e8-11f1-a04b-eeee0a8789dc.OPERATION#pool-21-thread-6#
[UploadAppStep] Started async upload of application "ServicioRRHH-srv"#
#2026 05 26 09:51:19.234#Z#INFO#54eb74fc-58e8-11f1-a04b-eeee0a8789dc.OPERATION#flowable-async-job-executor-thread-1668#
[UploadAppStep] Time elapsed for upload: 313 in millis#
#2026 05 26 09:51:19.234#Z#DEBUG#54eb74fc-58e8-11f1-a04b-eeee0a8789dc.OPERATION#flowable-async-job-executor-thread-1668#
[UploadAppStep] Getting application "ServicioRRHH-srv"...#
#2026 05 26 09:51:19.264#Z#DEBUG#54eb74fc-58e8-11f1-a04b-eeee0a8789dc.OPERATION#App upload monitor: 0ca16e15-0400-4e1f-a544-54ce2d5107b9#
[UploadAppStep] Upload status: PROCESSING_UPLOAD#
#2026 05 26 09:51:19.281#Z#DEBUG#54eb74fc-58e8-11f1-a04b-eeee0a8789dc.OPERATION#flowable-async-job-executor-thread-1668#
[UploadAppStep] Getting environment of application "824b158a-2801-42d7-b810-dd55c374775b"...#
#2026 05 26 09:51:19.309#Z#DEBUG#54eb74fc-58e8-11f1-a04b-eeee0a8789dc.OPERATION#flowable-async-job-executor-thread-1668#
[UploadAppStep] Updating environment of application "ServicioRRHH-srv"#
#2026 05 26 09:51:19.404#Z#DEBUG#54eb74fc-58e8-11f1-a04b-eeee0a8789dc.OPERATION#flowable-async-job-executor-thread-1668#
Step "Upload App" finished#
#2026 05 26 09:51:19.162#Z#DEBUG#54eb74fc-58e8-11f1-a04b-eeee0a8789dc.OPERATION#flowable-async-job-executor-thread-1670#
[StageAppStep] Executing task "stageAppTask" of process "65db1791-58e8-11f1-a98a-eeee0a8da251"...#
#2026 05 26 09:51:19.163#Z#DEBUG#54eb74fc-58e8-11f1-a04b-eeee0a8789dc.OPERATION#flowable-async-job-executor-thread-1670#
[StageAppStep] Application stage timeout is default one: 3,600 seconds#
#2026 05 26 09:51:19.165#Z#INFO#54eb74fc-58e8-11f1-a04b-eeee0a8789dc.OPERATION#flowable-async-job-executor-thread-1670#
[StageAppStep] Staging application "ServicioRRHH-db-deployer"...#
#2026 05 26 09:51:19.171#Z#DEBUG#54eb74fc-58e8-11f1-a04b-eeee0a8789dc.OPERATION#flowable-async-job-executor-thread-1670#
[StageAppStep] Creating build for package "9148475d-eac4-425f-b39e-a2c26037a37b"...#
#2026 05 26 09:51:19.613#Z#DEBUG#54eb74fc-58e8-11f1-a04b-eeee0a8789dc.OPERATION#flowable-async-job-executor-thread-1670#
Step "Stage App" finished#
#2026 05 26 09:51:24.286#Z#DEBUG#54eb74fc-58e8-11f1-a04b-eeee0a8789dc.OPERATION#App upload monitor: 0ca16e15-0400-4e1f-a544-54ce2d5107b9#
[UploadAppStep] Upload status: PROCESSING_UPLOAD#
#2026 05 26 09:51:29.016#Z#DEBUG#54eb74fc-58e8-11f1-a04b-eeee0a8789dc.OPERATION#flowable-async-job-executor-thread-1676#
[UploadAppStep] Executing task "uploadAppTask" of process "6bd9360b-58e8-11f1-a04b-eeee0a8789dc"...#
#2026 05 26 09:51:29.018#Z#DEBUG#54eb74fc-58e8-11f1-a04b-eeee0a8789dc.OPERATION#flowable-async-job-executor-thread-1676#
[UploadAppStep] Application upload timeout is default one: 3,600 seconds#
#2026 05 26 09:51:29.018#Z#DEBUG#54eb74fc-58e8-11f1-a04b-eeee0a8789dc.OPERATION#flowable-async-job-executor-thread-1676#
[UploadAppStep] Checking upload status of application "ServicioRRHH-srv"...#
#2026 05 26 09:51:29.019#Z#DEBUG#54eb74fc-58e8-11f1-a04b-eeee0a8789dc.OPERATION#flowable-async-job-executor-thread-1676#
[UploadAppStep] Getting package "0ca16e15-0400-4e1f-a544-54ce2d5107b9"...#
#2026 05 26 09:51:29.049#Z#DEBUG#54eb74fc-58e8-11f1-a04b-eeee0a8789dc.OPERATION#flowable-async-job-executor-thread-1676#
[UploadAppStep] Application "ServicioRRHH-srv" uploaded#
#2026 05 26 09:51:29.050#Z#DEBUG#54eb74fc-58e8-11f1-a04b-eeee0a8789dc.OPERATION#flowable-async-job-executor-thread-1676#
Step "Upload App" finished#
#2026 05 26 09:51:29.089#Z#DEBUG#54eb74fc-58e8-11f1-a04b-eeee0a8789dc.OPERATION#flowable-async-job-executor-thread-1676#
[ScaleAppStep] Executing task "scaleAppTask" of process "6bd9360b-58e8-11f1-a04b-eeee0a8789dc"...#
#2026 05 26 09:51:29.093#Z#DEBUG#54eb74fc-58e8-11f1-a04b-eeee0a8789dc.OPERATION#flowable-async-job-executor-thread-1676#
[ScaleAppStep] Scaling application "ServicioRRHH-srv"...#
#2026 05 26 09:51:29.093#Z#DEBUG#54eb74fc-58e8-11f1-a04b-eeee0a8789dc.OPERATION#flowable-async-job-executor-thread-1676#
[ScaleAppStep] Application "ServicioRRHH-srv" scaled#
#2026 05 26 09:51:29.093#Z#DEBUG#54eb74fc-58e8-11f1-a04b-eeee0a8789dc.OPERATION#flowable-async-job-executor-thread-1676#
Step "Scale App" finished#
#2026 05 26 09:51:29.039#Z#DEBUG#54eb74fc-58e8-11f1-a04b-eeee0a8789dc.OPERATION#flowable-async-job-executor-thread-1672#
[StageAppStep] Executing task "stageAppTask" of process "65db1791-58e8-11f1-a98a-eeee0a8da251"...#
#2026 05 26 09:51:29.040#Z#DEBUG#54eb74fc-58e8-11f1-a04b-eeee0a8789dc.OPERATION#flowable-async-job-executor-thread-1672#
[StageAppStep] Application stage timeout is default one: 3,600 seconds#
#2026 05 26 09:51:29.040#Z#DEBUG#54eb74fc-58e8-11f1-a04b-eeee0a8789dc.OPERATION#flowable-async-job-executor-thread-1672#
[StageAppStep] Checking status of application "ServicioRRHH-db-deployer"...#
#2026 05 26 09:51:29.040#Z#DEBUG#54eb74fc-58e8-11f1-a04b-eeee0a8789dc.OPERATION#flowable-async-job-executor-thread-1672#
[StageAppStep] Getting build "eadb32ed-60bb-460d-a786-f45fd94ae624"...#
#2026 05 26 09:51:29.072#Z#DEBUG#54eb74fc-58e8-11f1-a04b-eeee0a8789dc.OPERATION#flowable-async-job-executor-thread-1672#
[StageAppStep] Staging status of application "ServicioRRHH-db-deployer": PENDING#
#2026 05 26 09:51:29.073#Z#DEBUG#54eb74fc-58e8-11f1-a04b-eeee0a8789dc.OPERATION#flowable-async-job-executor-thread-1672#
[StageAppStep] Getting application guid "ServicioRRHH-db-deployer"...#
#2026 05 26 09:51:29.176#Z#DEBUG#54eb74fc-58e8-11f1-a04b-eeee0a8789dc.OPERATION#flowable-async-job-executor-thread-1672#
Step "Stage App" finished#
#2026 05 26 09:51:29.146#Z#DEBUG#54eb74fc-58e8-11f1-a04b-eeee0a8789dc.OPERATION#flowable-async-job-executor-thread-1676#
[DetermineDesiredStateAchievingActionsStep] Executing task "determineDesiredStateAchievingActionsTask" of process "6bd9360b-58e8-11f1-a04b-eeee0a8789dc"...#
#2026 05 26 09:51:29.148#Z#DEBUG#54eb74fc-58e8-11f1-a04b-eeee0a8789dc.OPERATION#flowable-async-job-executor-thread-1676#
[DetermineDesiredStateAchievingActionsStep] Getting application "ServicioRRHH-srv"...#
#2026 05 26 09:51:29.185#Z#DEBUG#54eb74fc-58e8-11f1-a04b-eeee0a8789dc.OPERATION#flowable-async-job-executor-thread-1676#
[DetermineDesiredStateAchievingActionsStep] Getting instances for application "ServicioRRHH-srv"...#
#2026 05 26 09:51:29.185#Z#DEBUG#54eb74fc-58e8-11f1-a04b-eeee0a8789dc.OPERATION#flowable-async-job-executor-thread-1676#
[DetermineDesiredStateAchievingActionsStep] Getting environment of application "824b158a-2801-42d7-b810-dd55c374775b"...#
#2026 05 26 09:51:29.222#Z#DEBUG#54eb74fc-58e8-11f1-a04b-eeee0a8789dc.OPERATION#flowable-async-job-executor-thread-1676#
[DetermineDesiredStateAchievingActionsStep] Current state of application ServicioRRHH-srv: STOPPED#
#2026 05 26 09:51:29.222#Z#DEBUG#54eb74fc-58e8-11f1-a04b-eeee0a8789dc.OPERATION#flowable-async-job-executor-thread-1676#
[DetermineDesiredStateAchievingActionsStep] Desired state of application ServicioRRHH-srv: STARTED#
#2026 05 26 09:51:29.222#Z#DEBUG#54eb74fc-58e8-11f1-a04b-eeee0a8789dc.OPERATION#flowable-async-job-executor-thread-1676#
[DetermineDesiredStateAchievingActionsStep] Actions that should be executed on application ServicioRRHH-srv: [STAGE, START]#
#2026 05 26 09:51:29.222#Z#DEBUG#54eb74fc-58e8-11f1-a04b-eeee0a8789dc.OPERATION#flowable-async-job-executor-thread-1676#
Step "Determine Desired State Achieving Actions" finished#
#2026 05 26 09:51:29.312#Z#DEBUG#54eb74fc-58e8-11f1-a04b-eeee0a8789dc.OPERATION#App upload monitor: 0ca16e15-0400-4e1f-a544-54ce2d5107b9#
[UploadAppStep] Upload status: READY#
#2026 05 26 09:51:29.252#Z#DEBUG#54eb74fc-58e8-11f1-a04b-eeee0a8789dc.OPERATION#flowable-async-job-executor-thread-1676#
[StageAppStep] Executing task "stageAppTask" of process "6bd9360b-58e8-11f1-a04b-eeee0a8789dc"...#
#2026 05 26 09:51:29.253#Z#DEBUG#54eb74fc-58e8-11f1-a04b-eeee0a8789dc.OPERATION#flowable-async-job-executor-thread-1676#
[StageAppStep] Application stage timeout is default one: 3,600 seconds#
#2026 05 26 09:51:29.254#Z#INFO#54eb74fc-58e8-11f1-a04b-eeee0a8789dc.OPERATION#flowable-async-job-executor-thread-1676#
[StageAppStep] Staging application "ServicioRRHH-srv"...#
#2026 05 26 09:51:29.258#Z#DEBUG#54eb74fc-58e8-11f1-a04b-eeee0a8789dc.OPERATION#flowable-async-job-executor-thread-1676#
[StageAppStep] Creating build for package "0ca16e15-0400-4e1f-a544-54ce2d5107b9"...#
#2026 05 26 09:51:29.673#Z#DEBUG#54eb74fc-58e8-11f1-a04b-eeee0a8789dc.OPERATION#flowable-async-job-executor-thread-1676#
Step "Stage App" finished#
#2026 05 26 09:51:39.115#Z#DEBUG#54eb74fc-58e8-11f1-a04b-eeee0a8789dc.OPERATION#flowable-async-job-executor-thread-1680#
[StageAppStep] Executing task "stageAppTask" of process "6bd9360b-58e8-11f1-a04b-eeee0a8789dc"...#
#2026 05 26 09:51:39.116#Z#DEBUG#54eb74fc-58e8-11f1-a04b-eeee0a8789dc.OPERATION#flowable-async-job-executor-thread-1680#
[StageAppStep] Application stage timeout is default one: 3,600 seconds#
#2026 05 26 09:51:39.117#Z#DEBUG#54eb74fc-58e8-11f1-a04b-eeee0a8789dc.OPERATION#flowable-async-job-executor-thread-1680#
[StageAppStep] Checking status of application "ServicioRRHH-srv"...#
#2026 05 26 09:51:39.117#Z#DEBUG#54eb74fc-58e8-11f1-a04b-eeee0a8789dc.OPERATION#flowable-async-job-executor-thread-1680#
[StageAppStep] Getting build "85c227a1-53b1-4d15-82cd-c5197375ab96"...#
#2026 05 26 09:51:39.149#Z#DEBUG#54eb74fc-58e8-11f1-a04b-eeee0a8789dc.OPERATION#flowable-async-job-executor-thread-1680#
[StageAppStep] Staging status of application "ServicioRRHH-srv": PENDING#
#2026 05 26 09:51:39.150#Z#DEBUG#54eb74fc-58e8-11f1-a04b-eeee0a8789dc.OPERATION#flowable-async-job-executor-thread-1680#
[StageAppStep] Getting application guid "ServicioRRHH-srv"...#
#2026 05 26 09:51:39.260#Z#DEBUG#54eb74fc-58e8-11f1-a04b-eeee0a8789dc.OPERATION#flowable-async-job-executor-thread-1680#
Step "Stage App" finished#
#2026 05 26 09:51:39.121#Z#DEBUG#54eb74fc-58e8-11f1-a04b-eeee0a8789dc.OPERATION#flowable-async-job-executor-thread-1626#
[StageAppStep] Executing task "stageAppTask" of process "65db1791-58e8-11f1-a98a-eeee0a8da251"...#
#2026 05 26 09:51:39.122#Z#DEBUG#54eb74fc-58e8-11f1-a04b-eeee0a8789dc.OPERATION#flowable-async-job-executor-thread-1626#
[StageAppStep] Application stage timeout is default one: 3,600 seconds#
#2026 05 26 09:51:39.123#Z#DEBUG#54eb74fc-58e8-11f1-a04b-eeee0a8789dc.OPERATION#flowable-async-job-executor-thread-1626#
[StageAppStep] Checking status of application "ServicioRRHH-db-deployer"...#
#2026 05 26 09:51:39.123#Z#DEBUG#54eb74fc-58e8-11f1-a04b-eeee0a8789dc.OPERATION#flowable-async-job-executor-thread-1626#
[StageAppStep] Getting build "eadb32ed-60bb-460d-a786-f45fd94ae624"...#
#2026 05 26 09:51:39.152#Z#DEBUG#54eb74fc-58e8-11f1-a04b-eeee0a8789dc.OPERATION#flowable-async-job-executor-thread-1626#
[StageAppStep] Staging status of application "ServicioRRHH-db-deployer": PENDING#
#2026 05 26 09:51:39.153#Z#DEBUG#54eb74fc-58e8-11f1-a04b-eeee0a8789dc.OPERATION#flowable-async-job-executor-thread-1626#
[StageAppStep] Getting application guid "ServicioRRHH-db-deployer"...#
#2026 05 26 09:51:39.259#Z#DEBUG#54eb74fc-58e8-11f1-a04b-eeee0a8789dc.OPERATION#flowable-async-job-executor-thread-1626#
Step "Stage App" finished#
#2026 05 26 09:51:49.204#Z#DEBUG#54eb74fc-58e8-11f1-a04b-eeee0a8789dc.OPERATION#flowable-async-job-executor-thread-1635#
[StageAppStep] Executing task "stageAppTask" of process "6bd9360b-58e8-11f1-a04b-eeee0a8789dc"...#
#2026 05 26 09:51:49.205#Z#DEBUG#54eb74fc-58e8-11f1-a04b-eeee0a8789dc.OPERATION#flowable-async-job-executor-thread-1635#
[StageAppStep] Application stage timeout is default one: 3,600 seconds#
#2026 05 26 09:51:49.205#Z#DEBUG#54eb74fc-58e8-11f1-a04b-eeee0a8789dc.OPERATION#flowable-async-job-executor-thread-1635#
[StageAppStep] Checking status of application "ServicioRRHH-srv"...#
#2026 05 26 09:51:49.205#Z#DEBUG#54eb74fc-58e8-11f1-a04b-eeee0a8789dc.OPERATION#flowable-async-job-executor-thread-1635#
[StageAppStep] Getting build "85c227a1-53b1-4d15-82cd-c5197375ab96"...#
#2026 05 26 09:51:49.240#Z#DEBUG#54eb74fc-58e8-11f1-a04b-eeee0a8789dc.OPERATION#flowable-async-job-executor-thread-1635#
[StageAppStep] Staging status of application "ServicioRRHH-srv": PENDING#
#2026 05 26 09:51:49.241#Z#DEBUG#54eb74fc-58e8-11f1-a04b-eeee0a8789dc.OPERATION#flowable-async-job-executor-thread-1635#
[StageAppStep] Getting application guid "ServicioRRHH-srv"...#
#2026 05 26 09:51:49.344#Z#DEBUG#54eb74fc-58e8-11f1-a04b-eeee0a8789dc.OPERATION#flowable-async-job-executor-thread-1635#
Step "Stage App" finished#
#2026 05 26 09:51:49.186#Z#DEBUG#54eb74fc-58e8-11f1-a04b-eeee0a8789dc.OPERATION#flowable-async-job-executor-thread-1694#
[StageAppStep] Executing task "stageAppTask" of process "65db1791-58e8-11f1-a98a-eeee0a8da251"...#
#2026 05 26 09:51:49.187#Z#DEBUG#54eb74fc-58e8-11f1-a04b-eeee0a8789dc.OPERATION#flowable-async-job-executor-thread-1694#
[StageAppStep] Application stage timeout is default one: 3,600 seconds#
#2026 05 26 09:51:49.187#Z#DEBUG#54eb74fc-58e8-11f1-a04b-eeee0a8789dc.OPERATION#flowable-async-job-executor-thread-1694#
[StageAppStep] Checking status of application "ServicioRRHH-db-deployer"...#
#2026 05 26 09:51:49.187#Z#DEBUG#54eb74fc-58e8-11f1-a04b-eeee0a8789dc.OPERATION#flowable-async-job-executor-thread-1694#
[StageAppStep] Getting build "eadb32ed-60bb-460d-a786-f45fd94ae624"...#
#2026 05 26 09:51:49.217#Z#DEBUG#54eb74fc-58e8-11f1-a04b-eeee0a8789dc.OPERATION#flowable-async-job-executor-thread-1694#
[StageAppStep] Staging status of application "ServicioRRHH-db-deployer": STAGED#
#2026 05 26 09:51:49.218#Z#DEBUG#54eb74fc-58e8-11f1-a04b-eeee0a8789dc.OPERATION#flowable-async-job-executor-thread-1694#
[StageAppStep] Getting application guid "ServicioRRHH-db-deployer"...#
#2026 05 26 09:51:49.314#Z#DEBUG#54eb74fc-58e8-11f1-a04b-eeee0a8789dc.OPERATION#flowable-async-job-executor-thread-1694#
[StageAppStep] Getting build "eadb32ed-60bb-460d-a786-f45fd94ae624"...#
#2026 05 26 09:51:49.345#Z#DEBUG#54eb74fc-58e8-11f1-a04b-eeee0a8789dc.OPERATION#flowable-async-job-executor-thread-1694#
[StageAppStep] Binding droplet "c7b89e38-34a8-446e-a2ec-5e98c098212e" to application "7a593235-4373-46e3-884a-87fc551daff3"...#
#2026 05 26 09:51:49.400#Z#INFO#54eb74fc-58e8-11f1-a04b-eeee0a8789dc.OPERATION#flowable-async-job-executor-thread-1694#
[StageAppStep] Application "ServicioRRHH-db-deployer" staged#
#2026 05 26 09:51:49.410#Z#DEBUG#54eb74fc-58e8-11f1-a04b-eeee0a8789dc.OPERATION#flowable-async-job-executor-thread-1694#
Step "Stage App" finished#
#2026 05 26 09:51:49.484#Z#DEBUG#54eb74fc-58e8-11f1-a04b-eeee0a8789dc.OPERATION#flowable-async-job-executor-thread-1694#
[PrepareToExecuteTasksStep] Executing task "prepareToExecuteTasksTask" of process "83f144e2-58e8-11f1-a04b-eeee0a8789dc"...#
#2026 05 26 09:51:49.486#Z#DEBUG#54eb74fc-58e8-11f1-a04b-eeee0a8789dc.OPERATION#flowable-async-job-executor-thread-1694#
Step "Prepare To Execute Tasks" finished#
#2026 05 26 09:51:49.527#Z#DEBUG#54eb74fc-58e8-11f1-a04b-eeee0a8789dc.OPERATION#flowable-async-job-executor-thread-1694#
[ExecuteTaskStep] Executing task "executeTaskTask" of process "83f144e2-58e8-11f1-a04b-eeee0a8789dc"...#
#2026 05 26 09:51:49.530#Z#DEBUG#54eb74fc-58e8-11f1-a04b-eeee0a8789dc.OPERATION#flowable-async-job-executor-thread-1694#
[ExecuteTaskStep] Application task execution timeout is default one: 43,200 seconds#
#2026 05 26 09:51:49.533#Z#INFO#54eb74fc-58e8-11f1-a04b-eeee0a8789dc.OPERATION#flowable-async-job-executor-thread-1694#
[ExecuteTaskStep] Executing task "deploy" on application "ServicioRRHH-db-deployer"...#
#2026 05 26 09:51:49.539#Z#DEBUG#54eb74fc-58e8-11f1-a04b-eeee0a8789dc.OPERATION#flowable-async-job-executor-thread-1694#
[ExecuteTaskStep] Running task on application "ServicioRRHH-db-deployer": {
  "name" : "deploy",
  "command" : "npm start",
  "limits" : {
    "memory" : 256
  }
}#
#2026 05 26 09:51:49.893#Z#DEBUG#54eb74fc-58e8-11f1-a04b-eeee0a8789dc.OPERATION#flowable-async-job-executor-thread-1694#
Step "Execute Task" finished#
#2026 05 26 09:51:59.316#Z#DEBUG#54eb74fc-58e8-11f1-a04b-eeee0a8789dc.OPERATION#flowable-async-job-executor-thread-1696#
[ExecuteTaskStep] Executing task "executeTaskTask" of process "83f144e2-58e8-11f1-a04b-eeee0a8789dc"...#
#2026 05 26 09:51:59.318#Z#DEBUG#54eb74fc-58e8-11f1-a04b-eeee0a8789dc.OPERATION#flowable-async-job-executor-thread-1696#
[ExecuteTaskStep] Application task execution timeout is default one: 43,200 seconds#
#2026 05 26 09:51:59.321#Z#DEBUG#54eb74fc-58e8-11f1-a04b-eeee0a8789dc.OPERATION#flowable-async-job-executor-thread-1696#
[ExecuteTaskStep] Getting task "0576c349-c939-4816-977f-7b6fbce97469"...#
#2026 05 26 09:51:59.359#Z#DEBUG#54eb74fc-58e8-11f1-a04b-eeee0a8789dc.OPERATION#flowable-async-job-executor-thread-1696#
[ExecuteTaskStep] Task execution status: running#
#2026 05 26 09:51:59.360#Z#DEBUG#54eb74fc-58e8-11f1-a04b-eeee0a8789dc.OPERATION#flowable-async-job-executor-thread-1696#
[ExecuteTaskStep] Getting application guid "ServicioRRHH-db-deployer"...#
#2026 05 26 09:51:59.453#Z#DEBUG#54eb74fc-58e8-11f1-a04b-eeee0a8789dc.OPERATION#flowable-async-job-executor-thread-1696#
Step "Execute Task" finished#
#2026 05 26 09:51:59.219#Z#DEBUG#54eb74fc-58e8-11f1-a04b-eeee0a8789dc.OPERATION#flowable-async-job-executor-thread-1699#
[StageAppStep] Executing task "stageAppTask" of process "6bd9360b-58e8-11f1-a04b-eeee0a8789dc"...#
#2026 05 26 09:51:59.220#Z#DEBUG#54eb74fc-58e8-11f1-a04b-eeee0a8789dc.OPERATION#flowable-async-job-executor-thread-1699#
[StageAppStep] Application stage timeout is default one: 3,600 seconds#
#2026 05 26 09:51:59.221#Z#DEBUG#54eb74fc-58e8-11f1-a04b-eeee0a8789dc.OPERATION#flowable-async-job-executor-thread-1699#
[StageAppStep] Checking status of application "ServicioRRHH-srv"...#
#2026 05 26 09:51:59.221#Z#DEBUG#54eb74fc-58e8-11f1-a04b-eeee0a8789dc.OPERATION#flowable-async-job-executor-thread-1699#
[StageAppStep] Getting build "85c227a1-53b1-4d15-82cd-c5197375ab96"...#
#2026 05 26 09:51:59.269#Z#DEBUG#54eb74fc-58e8-11f1-a04b-eeee0a8789dc.OPERATION#flowable-async-job-executor-thread-1699#
[StageAppStep] Staging status of application "ServicioRRHH-srv": STAGED#
#2026 05 26 09:51:59.270#Z#DEBUG#54eb74fc-58e8-11f1-a04b-eeee0a8789dc.OPERATION#flowable-async-job-executor-thread-1699#
[StageAppStep] Getting application guid "ServicioRRHH-srv"...#
#2026 05 26 09:51:59.376#Z#DEBUG#54eb74fc-58e8-11f1-a04b-eeee0a8789dc.OPERATION#flowable-async-job-executor-thread-1699#
[StageAppStep] Getting build "85c227a1-53b1-4d15-82cd-c5197375ab96"...#
#2026 05 26 09:51:59.405#Z#DEBUG#54eb74fc-58e8-11f1-a04b-eeee0a8789dc.OPERATION#flowable-async-job-executor-thread-1699#
[StageAppStep] Binding droplet "e349a49f-55cb-455d-a443-9df035d42d76" to application "824b158a-2801-42d7-b810-dd55c374775b"...#
#2026 05 26 09:51:59.459#Z#INFO#54eb74fc-58e8-11f1-a04b-eeee0a8789dc.OPERATION#flowable-async-job-executor-thread-1699#
[StageAppStep] Application "ServicioRRHH-srv" staged#
#2026 05 26 09:51:59.469#Z#DEBUG#54eb74fc-58e8-11f1-a04b-eeee0a8789dc.OPERATION#flowable-async-job-executor-thread-1699#
Step "Stage App" finished#
#2026 05 26 09:51:59.515#Z#DEBUG#54eb74fc-58e8-11f1-a04b-eeee0a8789dc.OPERATION#flowable-async-job-executor-thread-1699#
[RestartAppStep] Executing task "startAppTask" of process "6bd9360b-58e8-11f1-a04b-eeee0a8789dc"...#
#2026 05 26 09:51:59.518#Z#DEBUG#54eb74fc-58e8-11f1-a04b-eeee0a8789dc.OPERATION#flowable-async-job-executor-thread-1699#
[RestartAppStep] Application start timeout is default one: 3,600 seconds#
#2026 05 26 09:51:59.519#Z#DEBUG#54eb74fc-58e8-11f1-a04b-eeee0a8789dc.OPERATION#flowable-async-job-executor-thread-1699#
[RestartAppStep] Getting application "ServicioRRHH-srv"...#
#2026 05 26 09:51:59.564#Z#INFO#54eb74fc-58e8-11f1-a04b-eeee0a8789dc.OPERATION#flowable-async-job-executor-thread-1699#
[RestartAppStep] Starting application "ServicioRRHH-srv"...#
#2026 05 26 09:51:59.570#Z#DEBUG#54eb74fc-58e8-11f1-a04b-eeee0a8789dc.OPERATION#flowable-async-job-executor-thread-1699#
[RestartAppStep] Starting application "ServicioRRHH-srv"...#
#2026 05 26 09:51:59.808#Z#DEBUG#54eb74fc-58e8-11f1-a04b-eeee0a8789dc.OPERATION#flowable-async-job-executor-thread-1699#
Step "Start App" finished#
#2026 05 26 09:52:09.375#Z#DEBUG#54eb74fc-58e8-11f1-a04b-eeee0a8789dc.OPERATION#flowable-async-job-executor-thread-1709#
[RestartAppStep] Executing task "startAppTask" of process "8a1eb060-58e8-11f1-a04b-eeee0a8789dc"...#
#2026 05 26 09:52:09.378#Z#DEBUG#54eb74fc-58e8-11f1-a04b-eeee0a8789dc.OPERATION#flowable-async-job-executor-thread-1709#
[RestartAppStep] Application start timeout is default one: 3,600 seconds#
#2026 05 26 09:52:09.378#Z#DEBUG#54eb74fc-58e8-11f1-a04b-eeee0a8789dc.OPERATION#flowable-async-job-executor-thread-1709#
[RestartAppStep] Checking status of application "ServicioRRHH-srv"...#
#2026 05 26 09:52:09.378#Z#DEBUG#54eb74fc-58e8-11f1-a04b-eeee0a8789dc.OPERATION#flowable-async-job-executor-thread-1709#
[RestartAppStep] Getting application "ServicioRRHH-srv"...#
#2026 05 26 09:52:09.415#Z#DEBUG#54eb74fc-58e8-11f1-a04b-eeee0a8789dc.OPERATION#flowable-async-job-executor-thread-1709#
[RestartAppStep] Getting instances for application "ServicioRRHH-srv"...#
#2026 05 26 09:52:09.453#Z#DEBUG#54eb74fc-58e8-11f1-a04b-eeee0a8789dc.OPERATION#flowable-async-job-executor-thread-1709#
[RestartAppStep] Application "ServicioRRHH-srv": 1 of 1 instances running (1 running)#
#2026 05 26 09:52:09.509#Z#DEBUG#54eb74fc-58e8-11f1-a04b-eeee0a8789dc.OPERATION#flowable-async-job-executor-thread-1709#
[RestartAppStep] Getting routes for application "824b158a-2801-42d7-b810-dd55c374775b"...#
#2026 05 26 09:52:09.554#Z#INFO#54eb74fc-58e8-11f1-a04b-eeee0a8789dc.OPERATION#flowable-async-job-executor-thread-1709#
[RestartAppStep] Application "ServicioRRHH-srv" started and available at "3c6c6e44trial-dev-serviciorrhh-srv.cfapps.us10-001.hana.ondemand.com"#
#2026 05 26 09:52:09.561#Z#DEBUG#54eb74fc-58e8-11f1-a04b-eeee0a8789dc.OPERATION#flowable-async-job-executor-thread-1709#
Step "Start App" finished#
#2026 05 26 09:52:09.412#Z#DEBUG#54eb74fc-58e8-11f1-a04b-eeee0a8789dc.OPERATION#flowable-async-job-executor-thread-1652#
[ExecuteTaskStep] Executing task "executeTaskTask" of process "83f144e2-58e8-11f1-a04b-eeee0a8789dc"...#
#2026 05 26 09:52:09.413#Z#DEBUG#54eb74fc-58e8-11f1-a04b-eeee0a8789dc.OPERATION#flowable-async-job-executor-thread-1652#
[ExecuteTaskStep] Application task execution timeout is default one: 43,200 seconds#
#2026 05 26 09:52:09.415#Z#DEBUG#54eb74fc-58e8-11f1-a04b-eeee0a8789dc.OPERATION#flowable-async-job-executor-thread-1652#
[ExecuteTaskStep] Getting task "0576c349-c939-4816-977f-7b6fbce97469"...#
#2026 05 26 09:52:09.445#Z#DEBUG#54eb74fc-58e8-11f1-a04b-eeee0a8789dc.OPERATION#flowable-async-job-executor-thread-1652#
[ExecuteTaskStep] Task execution status: succeeded#
#2026 05 26 09:52:09.447#Z#DEBUG#54eb74fc-58e8-11f1-a04b-eeee0a8789dc.OPERATION#flowable-async-job-executor-thread-1652#
[ExecuteTaskStep] Getting application guid "ServicioRRHH-db-deployer"...#
#2026 05 26 09:52:09.560#Z#DEBUG#54eb74fc-58e8-11f1-a04b-eeee0a8789dc.OPERATION#flowable-async-job-executor-thread-1652#
Step "Execute Task" finished#
#2026 05 26 09:52:09.611#Z#DEBUG#54eb74fc-58e8-11f1-a04b-eeee0a8789dc.OPERATION#flowable-async-job-executor-thread-1652#
[IncrementIndexStep] Executing task "incrementTaskIndexTask" of process "83f144e2-58e8-11f1-a04b-eeee0a8789dc"...#
#2026 05 26 09:52:09.613#Z#DEBUG#54eb74fc-58e8-11f1-a04b-eeee0a8789dc.OPERATION#flowable-async-job-executor-thread-1652#
Step "Increment Task Index" finished#
#2026 05 26 09:52:09.689#Z#DEBUG#54eb74fc-58e8-11f1-a04b-eeee0a8789dc.OPERATION#flowable-async-job-executor-thread-1652#
[PublishConfigurationEntriesStep] Executing task "publishProvidedDependenciesTask" of process "65db1791-58e8-11f1-a98a-eeee0a8da251"...#
#2026 05 26 09:52:09.690#Z#DEBUG#54eb74fc-58e8-11f1-a04b-eeee0a8789dc.OPERATION#flowable-async-job-executor-thread-1652#
[PublishConfigurationEntriesStep] Publishing public provided dependencies for application "ServicioRRHH-db-deployer"...#
#2026 05 26 09:52:09.691#Z#DEBUG#54eb74fc-58e8-11f1-a04b-eeee0a8789dc.OPERATION#flowable-async-job-executor-thread-1652#
[PublishConfigurationEntriesStep] No public provided dependencies for publishing#
#2026 05 26 09:52:09.691#Z#DEBUG#54eb74fc-58e8-11f1-a04b-eeee0a8789dc.OPERATION#flowable-async-job-executor-thread-1652#
Step "Publish Provided Dependencies" finished#
#2026 05 26 09:52:09.730#Z#DEBUG#54eb74fc-58e8-11f1-a04b-eeee0a8789dc.OPERATION#flowable-async-job-executor-thread-1652#
[CreateOrUpdateServiceBrokerStep] Executing task "createOrUpdateServiceBrokerTask" of process "65db1791-58e8-11f1-a98a-eeee0a8da251"...#
#2026 05 26 09:52:09.732#Z#DEBUG#54eb74fc-58e8-11f1-a04b-eeee0a8789dc.OPERATION#flowable-async-job-executor-thread-1652#
[CreateOrUpdateServiceBrokerStep] Creating service brokers...#
#2026 05 26 09:52:09.734#Z#DEBUG#54eb74fc-58e8-11f1-a04b-eeee0a8789dc.OPERATION#flowable-async-job-executor-thread-1652#
Step "Create Or Update Service Broker " finished#
#2026 05 26 09:52:19.508#Z#DEBUG#54eb74fc-58e8-11f1-a04b-eeee0a8789dc.OPERATION#flowable-async-job-executor-thread-1713#
[RestartAppStep] Executing task "startAppTask" of process "8fef08d0-58e8-11f1-a04b-eeee0a8789dc"...#
#2026 05 26 09:52:19.510#Z#DEBUG#54eb74fc-58e8-11f1-a04b-eeee0a8789dc.OPERATION#flowable-async-job-executor-thread-1713#
[RestartAppStep] Application start timeout is default one: 3,600 seconds#
#2026 05 26 09:52:19.511#Z#DEBUG#54eb74fc-58e8-11f1-a04b-eeee0a8789dc.OPERATION#flowable-async-job-executor-thread-1713#
Step "Start App" finished#
#2026 05 26 09:52:19.588#Z#DEBUG#54eb74fc-58e8-11f1-a04b-eeee0a8789dc.OPERATION#flowable-async-job-executor-thread-1713#
[PrepareToExecuteTasksStep] Executing task "prepareToExecuteTasksTask" of process "95e2785f-58e8-11f1-a04b-eeee0a8789dc"...#
#2026 05 26 09:52:19.590#Z#DEBUG#54eb74fc-58e8-11f1-a04b-eeee0a8789dc.OPERATION#flowable-async-job-executor-thread-1713#
Step "Prepare To Execute Tasks" finished#
#2026 05 26 09:52:19.649#Z#DEBUG#54eb74fc-58e8-11f1-a04b-eeee0a8789dc.OPERATION#flowable-async-job-executor-thread-1713#
[PublishConfigurationEntriesStep] Executing task "publishProvidedDependenciesTask" of process "95dcf9fd-58e8-11f1-a04b-eeee0a8789dc"...#
#2026 05 26 09:52:19.650#Z#DEBUG#54eb74fc-58e8-11f1-a04b-eeee0a8789dc.OPERATION#flowable-async-job-executor-thread-1713#
[PublishConfigurationEntriesStep] Publishing public provided dependencies for application "ServicioRRHH-srv"...#
#2026 05 26 09:52:19.651#Z#DEBUG#54eb74fc-58e8-11f1-a04b-eeee0a8789dc.OPERATION#flowable-async-job-executor-thread-1713#
[PublishConfigurationEntriesStep] No public provided dependencies for publishing#
#2026 05 26 09:52:19.651#Z#DEBUG#54eb74fc-58e8-11f1-a04b-eeee0a8789dc.OPERATION#flowable-async-job-executor-thread-1713#
Step "Publish Provided Dependencies" finished#
#2026 05 26 09:52:19.691#Z#DEBUG#54eb74fc-58e8-11f1-a04b-eeee0a8789dc.OPERATION#flowable-async-job-executor-thread-1713#
[CreateOrUpdateServiceBrokerStep] Executing task "createOrUpdateServiceBrokerTask" of process "95dcf9fd-58e8-11f1-a04b-eeee0a8789dc"...#
#2026 05 26 09:52:19.693#Z#DEBUG#54eb74fc-58e8-11f1-a04b-eeee0a8789dc.OPERATION#flowable-async-job-executor-thread-1713#
[CreateOrUpdateServiceBrokerStep] Creating service brokers...#
#2026 05 26 09:52:19.694#Z#DEBUG#54eb74fc-58e8-11f1-a04b-eeee0a8789dc.OPERATION#flowable-async-job-executor-thread-1713#
Step "Create Or Update Service Broker " finished#
#2026 05 26 09:52:19.918#Z#DEBUG#54eb74fc-58e8-11f1-a04b-eeee0a8789dc.OPERATION#flowable-async-job-executor-thread-1713#
[CreateSubscriptionsStep] Executing task "createSubscriptionsTask" of process "960716e1-58e8-11f1-a04b-eeee0a8789dc"...#
#2026 05 26 09:52:19.920#Z#DEBUG#54eb74fc-58e8-11f1-a04b-eeee0a8789dc.OPERATION#flowable-async-job-executor-thread-1713#
[CreateSubscriptionsStep] Creating subscriptions...#
#2026 05 26 09:52:19.922#Z#DEBUG#54eb74fc-58e8-11f1-a04b-eeee0a8789dc.OPERATION#flowable-async-job-executor-thread-1713#
[CreateSubscriptionsStep] Subscriptions created#
#2026 05 26 09:52:19.922#Z#DEBUG#54eb74fc-58e8-11f1-a04b-eeee0a8789dc.OPERATION#flowable-async-job-executor-thread-1713#
Step "Create Subscriptions" finished#
#2026 05 26 09:52:19.968#Z#DEBUG#54eb74fc-58e8-11f1-a04b-eeee0a8789dc.OPERATION#flowable-async-job-executor-thread-1713#
[DeleteSubscriptionsStep] Executing task "deleteSubscriptionsTask" of process "960716e1-58e8-11f1-a04b-eeee0a8789dc"...#
#2026 05 26 09:52:19.969#Z#DEBUG#54eb74fc-58e8-11f1-a04b-eeee0a8789dc.OPERATION#flowable-async-job-executor-thread-1713#
[DeleteSubscriptionsStep] Deleting discontinued subscriptions...#
#2026 05 26 09:52:19.971#Z#DEBUG#54eb74fc-58e8-11f1-a04b-eeee0a8789dc.OPERATION#flowable-async-job-executor-thread-1713#
[DeleteSubscriptionsStep] Subscriptions to delete: [ ]#
#2026 05 26 09:52:19.971#Z#DEBUG#54eb74fc-58e8-11f1-a04b-eeee0a8789dc.OPERATION#flowable-async-job-executor-thread-1713#
[DeleteSubscriptionsStep] Deleted discontinued subscriptions#
#2026 05 26 09:52:19.971#Z#DEBUG#54eb74fc-58e8-11f1-a04b-eeee0a8789dc.OPERATION#flowable-async-job-executor-thread-1713#
Step "Delete Subscriptions" finished#
#2026 05 26 09:52:20.039#Z#DEBUG#54eb74fc-58e8-11f1-a04b-eeee0a8789dc.OPERATION#flowable-async-job-executor-thread-1713#
[DeleteDiscontinuedConfigurationEntriesStep] Executing task "deleteDiscontinuedConfigurationEntriesTask" of process "960716e1-58e8-11f1-a04b-eeee0a8789dc"...#
#2026 05 26 09:52:20.041#Z#DEBUG#54eb74fc-58e8-11f1-a04b-eeee0a8789dc.OPERATION#flowable-async-job-executor-thread-1713#
[DeleteDiscontinuedConfigurationEntriesStep] Deleting discontinued published dependencies...#
#2026 05 26 09:52:20.118#Z#DEBUG#54eb74fc-58e8-11f1-a04b-eeee0a8789dc.OPERATION#flowable-async-job-executor-thread-1713#
[DeleteDiscontinuedConfigurationEntriesStep] Deleted entries: [ ]#
#2026 05 26 09:52:20.119#Z#DEBUG#54eb74fc-58e8-11f1-a04b-eeee0a8789dc.OPERATION#flowable-async-job-executor-thread-1713#
[DeleteDiscontinuedConfigurationEntriesStep] Discontinued published dependencies deleted#
#2026 05 26 09:52:20.119#Z#DEBUG#54eb74fc-58e8-11f1-a04b-eeee0a8789dc.OPERATION#flowable-async-job-executor-thread-1713#
Step "Delete Discontinued Configuration Entries" finished#
#2026 05 26 09:52:20.124#Z#WARN#54eb74fc-58e8-11f1-a04b-eeee0a8789dc.OPERATION#flowable-async-job-executor-thread-1713#
[DoNotDeleteServicesListener] Skipping deletion of services, because the command line option "--delete-services" is not specified.#
#2026 05 26 09:52:20.161#Z#DEBUG#54eb74fc-58e8-11f1-a04b-eeee0a8789dc.OPERATION#flowable-async-job-executor-thread-1713#
[DetachServicesFromMtaStep] Executing task "detachServicesFromMtaTask" of process "963a0e01-58e8-11f1-a04b-eeee0a8789dc"...#
#2026 05 26 09:52:20.162#Z#DEBUG#54eb74fc-58e8-11f1-a04b-eeee0a8789dc.OPERATION#flowable-async-job-executor-thread-1713#
[DetachServicesFromMtaStep] Detaching services from MTA...#
#2026 05 26 09:52:20.163#Z#DEBUG#54eb74fc-58e8-11f1-a04b-eeee0a8789dc.OPERATION#flowable-async-job-executor-thread-1713#
[DetachServicesFromMtaStep] Getting service instances without auxiliary content by names []...#
#2026 05 26 09:52:20.163#Z#DEBUG#54eb74fc-58e8-11f1-a04b-eeee0a8789dc.OPERATION#flowable-async-job-executor-thread-1713#
[DetachServicesFromMtaStep] Detached services from MTA#
#2026 05 26 09:52:20.163#Z#DEBUG#54eb74fc-58e8-11f1-a04b-eeee0a8789dc.OPERATION#flowable-async-job-executor-thread-1713#
Step "Detach Services from MTA" finished#
#2026 05 26 09:52:20.229#Z#DEBUG#54eb74fc-58e8-11f1-a04b-eeee0a8789dc.OPERATION#flowable-async-job-executor-thread-1713#
[UpdateSubscribersStep] Executing task "updateSubscribersTask" of process "963a0e01-58e8-11f1-a04b-eeee0a8789dc"...#
#2026 05 26 09:52:20.231#Z#DEBUG#54eb74fc-58e8-11f1-a04b-eeee0a8789dc.OPERATION#flowable-async-job-executor-thread-1713#
[UpdateSubscribersStep] Updating subscribers...#
#2026 05 26 09:52:20.337#Z#DEBUG#54eb74fc-58e8-11f1-a04b-eeee0a8789dc.OPERATION#flowable-async-job-executor-thread-1713#
[UpdateSubscribersStep] Subscribers updated#
#2026 05 26 09:52:20.337#Z#DEBUG#54eb74fc-58e8-11f1-a04b-eeee0a8789dc.OPERATION#flowable-async-job-executor-thread-1713#
Step "Update Subscribers" finished#
#2026 05 26 09:52:20.372#Z#DEBUG#54eb74fc-58e8-11f1-a04b-eeee0a8789dc.OPERATION#flowable-async-job-executor-thread-1713#
[RestartSubscribersStep] Executing task "restartSubscribersTask" of process "963a0e01-58e8-11f1-a04b-eeee0a8789dc"...#
#2026 05 26 09:52:20.374#Z#DEBUG#54eb74fc-58e8-11f1-a04b-eeee0a8789dc.OPERATION#flowable-async-job-executor-thread-1713#
Step "Restart Subscribers" finished#
#2026 05 26 09:52:20.398#Z#DEBUG#54eb74fc-58e8-11f1-a04b-eeee0a8789dc.OPERATION#flowable-async-job-executor-thread-1713#
[PrepareToRestartServiceBrokerSubscribersStep] Executing task "prepareToRestartServiceBrokerSubscribersTask" of process "963a0e01-58e8-11f1-a04b-eeee0a8789dc"...#
#2026 05 26 09:52:20.400#Z#DEBUG#54eb74fc-58e8-11f1-a04b-eeee0a8789dc.OPERATION#flowable-async-job-executor-thread-1713#
Step "Prepare To Restart Service Brokers Subscribers" finished#
